video_path,video_id,label,num_frames
DFD_original_sequences/06__walk_down_hall_angry,06__walk_down_hall_angry,0,15
DFD_original_sequences/21__talking_against_wall,21__talking_against_wall,0,15
DFD_original_sequences/21__outside_talking_pan_laughing,21__outside_talking_pan_laughing,0,15
DFD_original_sequences/15__podium_speech_happy,15__podium_speech_happy,0,15
DFD_original_sequences/07__exit_phone_room,07__exit_phone_room,0,15
DFD_original_sequences/07__walking_down_street_outside_angry,07__walking_down_street_outside_angry,0,15
DFD_original_sequences/25__exit_phone_room,25__exit_phone_room,0,15
DFD_original_sequences/08__kitchen_still,08__kitchen_still,0,15
DFD_original_sequences/17__walking_down_street_outside_angry,17__walking_down_street_outside_angry,0,15
DFD_original_sequences/13__secret_conversation,13__secret_conversation,0,15
DFD_original_sequences/07__podium_speech_happy,07__podium_speech_happy,0,15
DFD_original_sequences/16__exit_phone_room,16__exit_phone_room,0,15
DFD_original_sequences/27__kitchen_still,27__kitchen_still,0,15
DFD_original_sequences/08__walking_down_street_outside_angry,08__walking_down_street_outside_angry,0,15
DFD_original_sequences/18__talking_against_wall,18__talking_against_wall,0,15
DFD_original_sequences/13__outside_talking_pan_laughing,13__outside_talking_pan_laughing,0,15
DFD_original_sequences/18__secret_conversation,18__secret_conversation,0,15
DFD_original_sequences/04__talking_against_wall,04__talking_against_wall,0,15
DFD_original_sequences/23__talking_against_wall,23__talking_against_wall,0,15
DFD_original_sequences/16__walk_down_hall_angry,16__walk_down_hall_angry,0,15
DFD_original_sequences/22__outside_talking_still_laughing,22__outside_talking_still_laughing,0,15
DFD_original_sequences/05__outside_talking_still_laughing,05__outside_talking_still_laughing,0,15
DFD_original_sequences/19__secret_conversation,19__secret_conversation,0,15
DFD_original_sequences/15__kitchen_pan,15__kitchen_pan,0,15
DFD_original_sequences/19__talking_against_wall,19__talking_against_wall,0,15
DFD_original_sequences/08__kitchen_pan,08__kitchen_pan,0,15
DFD_original_sequences/26__secret_conversation,26__secret_conversation,0,15
DFD_original_sequences/23__outside_talking_pan_laughing,23__outside_talking_pan_laughing,0,15
DFD_original_sequences/18__exit_phone_room,18__exit_phone_room,0,15
DFD_original_sequences/12__outside_talking_pan_laughing,12__outside_talking_pan_laughing,0,15
DFD_original_sequences/17__exit_phone_room,17__exit_phone_room,0,15
DFD_original_sequences/03__kitchen_pan,03__kitchen_pan,0,15
DFD_original_sequences/24__walking_outside_cafe_disgusted,24__walking_outside_cafe_disgusted,0,15
DFD_original_sequences/13__kitchen_pan,13__kitchen_pan,0,15
DFD_original_sequences/17__outside_talking_pan_laughing,17__outside_talking_pan_laughing,0,15
DFD_original_sequences/08__walk_down_hall_angry,08__walk_down_hall_angry,0,15
DFD_original_sequences/28__exit_phone_room,28__exit_phone_room,0,15
DFD_original_sequences/02__talking_angry_couch,02__talking_angry_couch,0,15
DFD_original_sequences/04__podium_speech_happy,04__podium_speech_happy,0,15
DFD_original_sequences/20__exit_phone_room,20__exit_phone_room,0,15
DFD_original_sequences/21__outside_talking_still_laughing,21__outside_talking_still_laughing,0,15
DFD_original_sequences/16__outside_talking_pan_laughing,16__outside_talking_pan_laughing,0,15
DFD_original_sequences/06__hugging_happy,06__hugging_happy,0,15
DFD_original_sequences/25__walking_down_street_outside_angry,25__walking_down_street_outside_angry,0,15
DFD_original_sequences/17__walking_and_outside_surprised,17__walking_and_outside_surprised,0,15
DFD_original_sequences/19__kitchen_still,19__kitchen_still,0,15
DFD_original_sequences/02__talking_against_wall,02__talking_against_wall,0,15
DFD_original_sequences/12__secret_conversation,12__secret_conversation,0,15
DFD_original_sequences/09__talking_against_wall,09__talking_against_wall,0,15
DFD_original_sequences/28__podium_speech_happy,28__podium_speech_happy,0,15
DFD_original_sequences/03__outside_talking_still_laughing,03__outside_talking_still_laughing,0,15
DFD_original_sequences/18__outside_talking_pan_laughing,18__outside_talking_pan_laughing,0,15
DFD_original_sequences/10__walking_outside_cafe_disgusted,10__walking_outside_cafe_disgusted,0,15
DFD_original_sequences/14__hugging_happy,14__hugging_happy,0,15
DFD_original_sequences/14__outside_talking_still_laughing,14__outside_talking_still_laughing,0,15
DFD_original_sequences/27__kitchen_pan,27__kitchen_pan,0,15
DFD_original_sequences/01__talking_angry_couch,01__talking_angry_couch,0,15
DFD_original_sequences/06__podium_speech_happy,06__podium_speech_happy,0,15
DFD_original_sequences/06__kitchen_still,06__kitchen_still,0,15
DFD_original_sequences/16__walking_and_outside_surprised,16__walking_and_outside_surprised,0,15
DFD_original_sequences/14__talking_against_wall,14__talking_against_wall,0,15
DFD_original_sequences/07__outside_talking_pan_laughing,07__outside_talking_pan_laughing,0,15
DFD_original_sequences/15__outside_talking_still_laughing,15__outside_talking_still_laughing,0,15
DFD_original_sequences/07__talking_angry_couch,07__talking_angry_couch,0,15
DFD_original_sequences/05__podium_speech_happy,05__podium_speech_happy,0,15
DFD_original_sequences/20__walking_outside_cafe_disgusted,20__walking_outside_cafe_disgusted,0,15
DFD_original_sequences/14__kitchen_still,14__kitchen_still,0,15
DFD_original_sequences/10__kitchen_pan,10__kitchen_pan,0,15
DFD_original_sequences/12__kitchen_still,12__kitchen_still,0,15
DFD_original_sequences/03__outside_talking_pan_laughing,03__outside_talking_pan_laughing,0,15
DFD_original_sequences/23__kitchen_pan,23__kitchen_pan,0,15
DFD_original_sequences/02__kitchen_still,02__kitchen_still,0,15
DFD_original_sequences/10__outside_talking_pan_laughing,10__outside_talking_pan_laughing,0,15
DFD_original_sequences/11__walking_outside_cafe_disgusted,11__walking_outside_cafe_disgusted,0,15
DFD_original_sequences/08__podium_speech_happy,08__podium_speech_happy,0,15
DFD_original_sequences/23__exit_phone_room,23__exit_phone_room,0,15
DFD_original_sequences/12__podium_speech_happy,12__podium_speech_happy,0,15
DFD_original_sequences/14__walk_down_hall_angry,14__walk_down_hall_angry,0,15
DFD_original_sequences/25__talking_against_wall,25__talking_against_wall,0,15
DFD_original_sequences/18__kitchen_pan,18__kitchen_pan,0,15
DFD_original_sequences/16__hugging_happy,16__hugging_happy,0,15
DFD_original_sequences/07__kitchen_still,07__kitchen_still,0,15
DFD_original_sequences/17__talking_against_wall,17__talking_against_wall,0,15
DFD_original_sequences/21__walk_down_hall_angry,21__walk_down_hall_angry,0,15
DFD_original_sequences/16__walking_down_street_outside_angry,16__walking_down_street_outside_angry,0,15
DFD_original_sequences/24__outside_talking_pan_laughing,24__outside_talking_pan_laughing,0,15
DFD_original_sequences/21__exit_phone_room,21__exit_phone_room,0,15
DFD_original_sequences/20__secret_conversation,20__secret_conversation,0,15
DFD_original_sequences/25__secret_conversation,25__secret_conversation,0,15
DFD_original_sequences/16__walking_down_indoor_hall_disgust,16__walking_down_indoor_hall_disgust,0,15
DFD_original_sequences/01__walk_down_hall_angry,01__walk_down_hall_angry,0,15
DFD_original_sequences/12__talking_angry_couch,12__talking_angry_couch,0,15
DFD_original_sequences/05__walking_down_street_outside_angry,05__walking_down_street_outside_angry,0,15
DFD_original_sequences/19__outside_talking_still_laughing,19__outside_talking_still_laughing,0,15
DFD_original_sequences/11__podium_speech_happy,11__podium_speech_happy,0,15
DFD_original_sequences/22__kitchen_still,22__kitchen_still,0,15
DFD_original_sequences/20__walk_down_hall_angry,20__walk_down_hall_angry,0,15
DFD_original_sequences/12__walking_and_outside_surprised,12__walking_and_outside_surprised,0,15
DFD_original_sequences/01__talking_against_wall,01__talking_against_wall,0,15
DFD_original_sequences/09__kitchen_pan,09__kitchen_pan,0,15
DFD_original_sequences/14__secret_conversation,14__secret_conversation,0,15
DFD_original_sequences/24__kitchen_pan,24__kitchen_pan,0,15
DFD_original_sequences/24__exit_phone_room,24__exit_phone_room,0,15
DFD_original_sequences/21__hugging_happy,21__hugging_happy,0,15
DFD_original_sequences/20__walking_down_indoor_hall_disgust,20__walking_down_indoor_hall_disgust,0,15
DFD_original_sequences/13__kitchen_still,13__kitchen_still,0,15
DFD_original_sequences/26__walking_down_street_outside_angry,26__walking_down_street_outside_angry,0,15
DFD_original_sequences/14__exit_phone_room,14__exit_phone_room,0,15
DFD_original_sequences/21__walking_outside_cafe_disgusted,21__walking_outside_cafe_disgusted,0,15
DFD_original_sequences/02__walking_outside_cafe_disgusted,02__walking_outside_cafe_disgusted,0,15
DFD_original_sequences/27__outside_talking_pan_laughing,27__outside_talking_pan_laughing,0,15
DFD_original_sequences/10__talking_against_wall,10__talking_against_wall,0,15
DFD_original_sequences/13__walk_down_hall_angry,13__walk_down_hall_angry,0,15
DFD_original_sequences/03__walk_down_hall_angry,03__walk_down_hall_angry,0,15
DFD_original_sequences/10__podium_speech_happy,10__podium_speech_happy,0,15
DFD_original_sequences/13__walking_down_indoor_hall_disgust,13__walking_down_indoor_hall_disgust,0,15
DFD_original_sequences/01__podium_speech_happy,01__podium_speech_happy,0,15
DFD_original_sequences/20__podium_speech_happy,20__podium_speech_happy,0,15
DFD_original_sequences/22__talking_against_wall,22__talking_against_wall,0,15
DFD_original_sequences/22__walking_and_outside_surprised,22__walking_and_outside_surprised,0,15
DFD_original_sequences/13__hugging_happy,13__hugging_happy,0,15
DFD_original_sequences/01__outside_talking_still_laughing,01__outside_talking_still_laughing,0,15
DFD_original_sequences/07__talking_against_wall,07__talking_against_wall,0,15
DFD_original_sequences/17__kitchen_pan,17__kitchen_pan,0,15
DFD_original_sequences/04__walking_outside_cafe_disgusted,04__walking_outside_cafe_disgusted,0,15
DFD_original_sequences/25__walking_outside_cafe_disgusted,25__walking_outside_cafe_disgusted,0,15
DFD_original_sequences/18__outside_talking_still_laughing,18__outside_talking_still_laughing,0,15
DFD_original_sequences/07__outside_talking_still_laughing,07__outside_talking_still_laughing,0,15
DFD_original_sequences/26__kitchen_pan,26__kitchen_pan,0,15
DFD_original_sequences/11__kitchen_still,11__kitchen_still,0,15
DFD_original_sequences/02__secret_conversation,02__secret_conversation,0,15
DFD_original_sequences/04__exit_phone_room,04__exit_phone_room,0,15
DFD_original_sequences/08__talking_against_wall,08__talking_against_wall,0,15
DFD_original_sequences/26__exit_phone_room,26__exit_phone_room,0,15
DFD_original_sequences/05__kitchen_pan,05__kitchen_pan,0,15
DFD_original_sequences/25__podium_speech_happy,25__podium_speech_happy,0,15
DFD_original_sequences/27__meeting_serious,27__meeting_serious,0,15
DFD_original_sequences/13__walking_outside_cafe_disgusted,13__walking_outside_cafe_disgusted,0,15
DFD_original_sequences/14__walking_down_indoor_hall_disgust,14__walking_down_indoor_hall_disgust,0,15
DFD_original_sequences/21__kitchen_pan,21__kitchen_pan,0,15
DFD_original_sequences/05__exit_phone_room,05__exit_phone_room,0,15
DFD_original_sequences/11__outside_talking_pan_laughing,11__outside_talking_pan_laughing,0,15
DFD_original_sequences/27__walking_outside_cafe_disgusted,27__walking_outside_cafe_disgusted,0,15
DFD_original_sequences/06__walking_outside_cafe_disgusted,06__walking_outside_cafe_disgusted,0,15
DFD_original_sequences/01__secret_conversation,01__secret_conversation,0,15
DFD_original_sequences/23__kitchen_still,23__kitchen_still,0,15
DFD_original_sequences/19__podium_speech_happy,19__podium_speech_happy,0,15
DFD_original_sequences/27__walking_and_outside_surprised,27__walking_and_outside_surprised,0,15
DFD_original_sequences/02__kitchen_pan,02__kitchen_pan,0,15
DFD_original_sequences/01__hugging_happy,01__hugging_happy,0,15
DFD_original_sequences/04__talking_angry_couch,04__talking_angry_couch,0,15
DFD_original_sequences/12__walking_outside_cafe_disgusted,12__walking_outside_cafe_disgusted,0,15
DFD_original_sequences/04__walking_down_street_outside_angry,04__walking_down_street_outside_angry,0,15
DFD_original_sequences/22__walk_down_hall_angry,22__walk_down_hall_angry,0,15
DFD_original_sequences/25__outside_talking_still_laughing,25__outside_talking_still_laughing,0,15
DFD_original_sequences/01__outside_talking_pan_laughing,01__outside_talking_pan_laughing,0,15
DFD_original_sequences/07__hugging_happy,07__hugging_happy,0,15
DFD_original_sequences/19__talking_angry_couch,19__talking_angry_couch,0,15
DFD_original_sequences/28__walking_down_street_outside_angry,28__walking_down_street_outside_angry,0,15
DFD_original_sequences/24__walk_down_hall_angry,24__walk_down_hall_angry,0,15
DFD_original_sequences/02__walking_down_street_outside_angry,02__walking_down_street_outside_angry,0,15
DFD_original_sequences/09__walk_down_hall_angry,09__walk_down_hall_angry,0,15
DFD_original_sequences/11__outside_talking_still_laughing,11__outside_talking_still_laughing,0,15
DFD_original_sequences/27__podium_speech_happy,27__podium_speech_happy,0,15
DFD_original_sequences/16__kitchen_pan,16__kitchen_pan,0,15
DFD_original_sequences/08__outside_talking_still_laughing,08__outside_talking_still_laughing,0,15
DFD_original_sequences/28__walking_outside_cafe_disgusted,28__walking_outside_cafe_disgusted,0,15
DFD_original_sequences/23__walk_down_hall_angry,23__walk_down_hall_angry,0,15
DFD_original_sequences/15__walking_outside_cafe_disgusted,15__walking_outside_cafe_disgusted,0,15
DFD_original_sequences/04__secret_conversation,04__secret_conversation,0,15
DFD_original_sequences/19__walking_down_street_outside_angry,19__walking_down_street_outside_angry,0,15
DFD_original_sequences/20__walking_down_street_outside_angry,20__walking_down_street_outside_angry,0,15
DFD_original_sequences/15__walking_down_street_outside_angry,15__walking_down_street_outside_angry,0,15
DFD_original_sequences/27__exit_phone_room,27__exit_phone_room,0,15
DFD_original_sequences/03__talking_angry_couch,03__talking_angry_couch,0,15
DFD_original_sequences/28__talking_angry_couch,28__talking_angry_couch,0,15
DFD_original_sequences/10__outside_talking_still_laughing,10__outside_talking_still_laughing,0,15
DFD_original_sequences/13__walking_down_street_outside_angry,13__walking_down_street_outside_angry,0,15
DFD_original_sequences/14__talking_angry_couch,14__talking_angry_couch,0,15
DFD_original_sequences/03__exit_phone_room,03__exit_phone_room,0,15
DFD_original_sequences/23__hugging_happy,23__hugging_happy,0,15
DFD_original_sequences/02__hugging_happy,02__hugging_happy,0,15
DFD_original_sequences/10__talking_angry_couch,10__talking_angry_couch,0,15
DFD_original_sequences/02__outside_talking_pan_laughing,02__outside_talking_pan_laughing,0,15
DFD_original_sequences/02__meeting_serious,02__meeting_serious,0,15
DFD_original_sequences/12__outside_talking_still_laughing,12__outside_talking_still_laughing,0,15
DFD_original_sequences/15__kitchen_still,15__kitchen_still,0,15
DFD_original_sequences/01__walking_down_street_outside_angry,01__walking_down_street_outside_angry,0,15
DFD_original_sequences/05__hugging_happy,05__hugging_happy,0,15
DFD_original_sequences/06__talking_against_wall,06__talking_against_wall,0,15
DFD_original_sequences/07__secret_conversation,07__secret_conversation,0,15
DFD_original_sequences/17__walking_down_indoor_hall_disgust,17__walking_down_indoor_hall_disgust,0,15
DFD_original_sequences/01__meeting_serious,01__meeting_serious,0,15
DFD_original_sequences/22__walking_down_indoor_hall_disgust,22__walking_down_indoor_hall_disgust,0,15
DFD_original_sequences/06__walking_down_indoor_hall_disgust,06__walking_down_indoor_hall_disgust,0,15
DFD_original_sequences/12__walking_down_street_outside_angry,12__walking_down_street_outside_angry,0,15
DFD_original_sequences/17__podium_speech_happy,17__podium_speech_happy,0,15
DFD_original_sequences/19__outside_talking_pan_laughing,19__outside_talking_pan_laughing,0,15
DFD_original_sequences/24__secret_conversation,24__secret_conversation,0,15
DFD_original_sequences/03__talking_against_wall,03__talking_against_wall,0,15
DFD_original_sequences/17__hugging_happy,17__hugging_happy,0,15
DFD_original_sequences/07__walk_down_hall_angry,07__walk_down_hall_angry,0,15
DFD_original_sequences/20__kitchen_still,20__kitchen_still,0,15
DFD_original_sequences/04__kitchen_still,04__kitchen_still,0,15
DFD_original_sequences/13__exit_phone_room,13__exit_phone_room,0,15
DFD_original_sequences/16__walking_outside_cafe_disgusted,16__walking_outside_cafe_disgusted,0,15
DFD_original_sequences/13__talking_against_wall,13__talking_against_wall,0,15
DFD_original_sequences/06__outside_talking_still_laughing,06__outside_talking_still_laughing,0,15
DFD_original_sequences/20__kitchen_pan,20__kitchen_pan,0,15
DFD_original_sequences/02__walk_down_hall_angry,02__walk_down_hall_angry,0,15
DFD_original_sequences/11__kitchen_pan,11__kitchen_pan,0,15
DFD_original_sequences/03__walking_down_indoor_hall_disgust,03__walking_down_indoor_hall_disgust,0,15
DFD_original_sequences/15__walking_and_outside_surprised,15__walking_and_outside_surprised,0,15
DFD_original_sequences/11__exit_phone_room,11__exit_phone_room,0,15
DFD_original_sequences/05__talking_against_wall,05__talking_against_wall,0,15
DFD_original_sequences/26__podium_speech_happy,26__podium_speech_happy,0,15
DFD_original_sequences/23__secret_conversation,23__secret_conversation,0,15
DFD_original_sequences/01__exit_phone_room,01__exit_phone_room,0,15
DFD_original_sequences/23__walking_outside_cafe_disgusted,23__walking_outside_cafe_disgusted,0,15
DFD_original_sequences/20__hugging_happy,20__hugging_happy,0,15
DFD_original_sequences/28__kitchen_still,28__kitchen_still,0,15
DFD_original_sequences/06__outside_talking_pan_laughing,06__outside_talking_pan_laughing,0,15
DFD_original_sequences/20__outside_talking_pan_laughing,20__outside_talking_pan_laughing,0,15
DFD_original_sequences/22__walking_outside_cafe_disgusted,22__walking_outside_cafe_disgusted,0,15
DFD_original_sequences/13__talking_angry_couch,13__talking_angry_couch,0,15
DFD_original_sequences/15__walking_down_indoor_hall_disgust,15__walking_down_indoor_hall_disgust,0,15
DFD_original_sequences/05__walk_down_hall_angry,05__walk_down_hall_angry,0,15
DFD_original_sequences/15__talking_against_wall,15__talking_against_wall,0,15
DFD_original_sequences/24__walking_down_street_outside_angry,24__walking_down_street_outside_angry,0,15
DFD_original_sequences/18__kitchen_still,18__kitchen_still,0,15
DFD_original_sequences/18__walking_down_street_outside_angry,18__walking_down_street_outside_angry,0,15
DFD_original_sequences/02__walking_down_indoor_hall_disgust,02__walking_down_indoor_hall_disgust,0,15
DFD_original_sequences/14__walking_outside_cafe_disgusted,14__walking_outside_cafe_disgusted,0,15
DFD_original_sequences/19__walking_outside_cafe_disgusted,19__walking_outside_cafe_disgusted,0,15
DFD_original_sequences/01__kitchen_pan,01__kitchen_pan,0,15
DFD_original_sequences/20__talking_angry_couch,20__talking_angry_couch,0,15
DFD_original_sequences/12__hugging_happy,12__hugging_happy,0,15
DFD_original_sequences/05__outside_talking_pan_laughing,05__outside_talking_pan_laughing,0,15
DFD_original_sequences/21__kitchen_still,21__kitchen_still,0,15
DFD_original_sequences/23__walking_and_outside_surprised,23__walking_and_outside_surprised,0,15
DFD_original_sequences/19__walk_down_hall_angry,19__walk_down_hall_angry,0,15
DFD_original_sequences/07__walking_outside_cafe_disgusted,07__walking_outside_cafe_disgusted,0,15
DFD_original_sequences/24__kitchen_still,24__kitchen_still,0,15
DFD_original_sequences/22__kitchen_pan,22__kitchen_pan,0,15
DFD_original_sequences/12__walking_down_indoor_hall_disgust,12__walking_down_indoor_hall_disgust,0,15
DFD_original_sequences/21__talking_angry_couch,21__talking_angry_couch,0,15
DFD_original_sequences/26__outside_talking_still_laughing,26__outside_talking_still_laughing,0,15
DFD_original_sequences/21__podium_speech_happy,21__podium_speech_happy,0,15
DFD_original_sequences/26__walk_down_hall_angry,26__walk_down_hall_angry,0,15
DFD_original_sequences/13__outside_talking_still_laughing,13__outside_talking_still_laughing,0,15
DFD_original_sequences/03__podium_speech_happy,03__podium_speech_happy,0,15
DFD_original_sequences/27__hugging_happy,27__hugging_happy,0,15
DFD_original_sequences/17__walk_down_hall_angry,17__walk_down_hall_angry,0,15
DFD_original_sequences/28__walk_down_hall_angry,28__walk_down_hall_angry,0,15
DFD_manipulated_sequences/12_13__walking_and_outside_surprised__DJ7MF331,12_13__walking_and_outside_surprised__DJ7MF331,1,15
DFD_manipulated_sequences/03_15__talking_angry_couch__5C1OMK8W,03_15__talking_angry_couch__5C1OMK8W,1,15
DFD_manipulated_sequences/20_25__talking_against_wall__AMY6M1KL,20_25__talking_against_wall__AMY6M1KL,1,15
DFD_manipulated_sequences/26_04__talking_angry_couch__MS2MLJP1,26_04__talking_angry_couch__MS2MLJP1,1,15
DFD_manipulated_sequences/17_05__kitchen_pan__M3H96PDQ,17_05__kitchen_pan__M3H96PDQ,1,15
DFD_manipulated_sequences/02_12__walking_and_outside_surprised__9D2ZHEKW,02_12__walking_and_outside_surprised__9D2ZHEKW,1,15
DFD_manipulated_sequences/25_26__talking_against_wall__8LPKLIRG,25_26__talking_against_wall__8LPKLIRG,1,15
DFD_manipulated_sequences/22_10__kitchen_still__J2HR5HKH,22_10__kitchen_still__J2HR5HKH,1,15
DFD_manipulated_sequences/02_18__outside_talking_still_laughing__OXMEEFUQ,02_18__outside_talking_still_laughing__OXMEEFUQ,1,15
DFD_manipulated_sequences/03_26__talking_angry_couch__WBSXBL82,03_26__talking_angry_couch__WBSXBL82,1,15
DFD_manipulated_sequences/02_07__talking_angry_couch__1VMZUH1W,02_07__talking_angry_couch__1VMZUH1W,1,15
DFD_manipulated_sequences/09_13__outside_talking_still_laughing__NDMHWBT1,09_13__outside_talking_still_laughing__NDMHWBT1,1,15
DFD_manipulated_sequences/02_15__hugging_happy__HTG660F8,02_15__hugging_happy__HTG660F8,1,15
DFD_manipulated_sequences/01_03__podium_speech_happy__JZUXXFRB,01_03__podium_speech_happy__JZUXXFRB,1,15
DFD_manipulated_sequences/02_15__walking_outside_cafe_disgusted__MZWH8ATN,02_15__walking_outside_cafe_disgusted__MZWH8ATN,1,15
DFD_manipulated_sequences/09_02__walking_down_street_outside_angry__6KUOFMZW,09_02__walking_down_street_outside_angry__6KUOFMZW,1,15
DFD_manipulated_sequences/27_14__kitchen_pan__0KSONKQ2,27_14__kitchen_pan__0KSONKQ2,1,15
DFD_manipulated_sequences/01_02__exit_phone_room__YVGY8LOK,01_02__exit_phone_room__YVGY8LOK,1,15
DFD_manipulated_sequences/21_25__talking_angry_couch__NFBISHIN,21_25__talking_angry_couch__NFBISHIN,1,15
DFD_manipulated_sequences/06_18__outside_talking_pan_laughing__UIQG2RF4,06_18__outside_talking_pan_laughing__UIQG2RF4,1,15
DFD_manipulated_sequences/13_15__secret_conversation__X0EIIJF7,13_15__secret_conversation__X0EIIJF7,1,15
DFD_manipulated_sequences/14_15__talking_against_wall__3FRJCJ0V,14_15__talking_against_wall__3FRJCJ0V,1,15
DFD_manipulated_sequences/27_15__outside_talking_still_laughing__2ERUWYH8,27_15__outside_talking_still_laughing__2ERUWYH8,1,15
DFD_manipulated_sequences/25_21__walking_outside_cafe_disgusted__2R46UX3R,25_21__walking_outside_cafe_disgusted__2R46UX3R,1,15
DFD_manipulated_sequences/13_02__exit_phone_room__CP5HFV3K,13_02__exit_phone_room__CP5HFV3K,1,15
DFD_manipulated_sequences/02_14__walking_outside_cafe_disgusted__3IUBEKCT,02_14__walking_outside_cafe_disgusted__3IUBEKCT,1,15
DFD_manipulated_sequences/09_25__outside_talking_still_laughing__ODAQ7BZL,09_25__outside_talking_still_laughing__ODAQ7BZL,1,15
DFD_manipulated_sequences/04_15__walk_down_hall_angry__7NW4Z6WZ,04_15__walk_down_hall_angry__7NW4Z6WZ,1,15
DFD_manipulated_sequences/20_15__walking_down_indoor_hall_disgust__99NHTFBM,20_15__walking_down_indoor_hall_disgust__99NHTFBM,1,15
DFD_manipulated_sequences/21_14__podium_speech_happy__N0WM4GSV,21_14__podium_speech_happy__N0WM4GSV,1,15
DFD_manipulated_sequences/26_12__talking_angry_couch__FWFQ5YB8,26_12__talking_angry_couch__FWFQ5YB8,1,15
DFD_manipulated_sequences/28_05__walking_down_street_outside_angry__U9LRLJ6N,28_05__walking_down_street_outside_angry__U9LRLJ6N,1,15
DFD_manipulated_sequences/27_25__talking_angry_couch__GNIMW95Z,27_25__talking_angry_couch__GNIMW95Z,1,15
DFD_manipulated_sequences/12_26__talking_against_wall__FWFQ5YB8,12_26__talking_against_wall__FWFQ5YB8,1,15
DFD_manipulated_sequences/25_06__exit_phone_room__MI9BDQ7M,25_06__exit_phone_room__MI9BDQ7M,1,15
DFD_manipulated_sequences/02_25__walking_outside_cafe_disgusted__Z7FQ69VP,02_25__walking_outside_cafe_disgusted__Z7FQ69VP,1,15
DFD_manipulated_sequences/26_20__podium_speech_happy__01OJA93K,26_20__podium_speech_happy__01OJA93K,1,15
DFD_manipulated_sequences/02_03__kitchen_still__ZESUJMM7,02_03__kitchen_still__ZESUJMM7,1,15
DFD_manipulated_sequences/20_13__talking_against_wall__HQHYKNGK,20_13__talking_against_wall__HQHYKNGK,1,15
DFD_manipulated_sequences/01_04__exit_phone_room__0XUW13RW,01_04__exit_phone_room__0XUW13RW,1,15
DFD_manipulated_sequences/19_24__secret_conversation__LVZNRK9S,19_24__secret_conversation__LVZNRK9S,1,15
DFD_manipulated_sequences/01_03__secret_conversation__480LQD1C,01_03__secret_conversation__480LQD1C,1,15
DFD_manipulated_sequences/03_18__meeting_serious__N72YE748,03_18__meeting_serious__N72YE748,1,15
DFD_manipulated_sequences/02_15__exit_phone_room__I8G2LWD1,02_15__exit_phone_room__I8G2LWD1,1,15
DFD_manipulated_sequences/27_26__outside_talking_still_laughing__IE9N0ZI9,27_26__outside_talking_still_laughing__IE9N0ZI9,1,15
DFD_manipulated_sequences/20_03__talking_against_wall__9NFWR304,20_03__talking_against_wall__9NFWR304,1,15
DFD_manipulated_sequences/14_07__walking_down_street_outside_angry__VOX29AK0,14_07__walking_down_street_outside_angry__VOX29AK0,1,15
DFD_manipulated_sequences/09_07__outside_talking_pan_laughing__N9CWME71,09_07__outside_talking_pan_laughing__N9CWME71,1,15
DFD_manipulated_sequences/06_02__outside_talking_still_laughing__HZAXM70B,06_02__outside_talking_still_laughing__HZAXM70B,1,15
DFD_manipulated_sequences/06_25__outside_talking_still_laughing__3QQBVBYN,06_25__outside_talking_still_laughing__3QQBVBYN,1,15
DFD_manipulated_sequences/07_02__kitchen_pan__O4SXNLRL,07_02__kitchen_pan__O4SXNLRL,1,15
DFD_manipulated_sequences/10_22__kitchen_pan__EHARPYBT,10_22__kitchen_pan__EHARPYBT,1,15
DFD_manipulated_sequences/18_15__walk_down_hall_angry__V5VHLCOW,18_15__walk_down_hall_angry__V5VHLCOW,1,15
DFD_manipulated_sequences/01_02__walking_and_outside_surprised__YVGY8LOK,01_02__walking_and_outside_surprised__YVGY8LOK,1,15
DFD_manipulated_sequences/27_02__outside_talking_pan_laughing__YQX5Z8GN,27_02__outside_talking_pan_laughing__YQX5Z8GN,1,15
DFD_manipulated_sequences/25_09__walking_down_street_outside_angry__5041ODBN,25_09__walking_down_street_outside_angry__5041ODBN,1,15
DFD_manipulated_sequences/18_11__walking_down_street_outside_angry__PT4YKO2R,18_11__walking_down_street_outside_angry__PT4YKO2R,1,15
DFD_manipulated_sequences/03_20__talking_angry_couch__61SVZ2J7,03_20__talking_angry_couch__61SVZ2J7,1,15
DFD_manipulated_sequences/11_18__walking_outside_cafe_disgusted__TRJUIS24,11_18__walking_outside_cafe_disgusted__TRJUIS24,1,15
DFD_manipulated_sequences/26_25__exit_phone_room__PQ41U3IJ,26_25__exit_phone_room__PQ41U3IJ,1,15
DFD_manipulated_sequences/22_10__outside_talking_pan_laughing__8YQ2EUQP,22_10__outside_talking_pan_laughing__8YQ2EUQP,1,15
DFD_manipulated_sequences/23_10__walk_down_hall_angry__GYY4VANY,23_10__walk_down_hall_angry__GYY4VANY,1,15
DFD_manipulated_sequences/05_16__walking_down_street_outside_angry__94435UY3,05_16__walking_down_street_outside_angry__94435UY3,1,15
DFD_manipulated_sequences/15_13__walking_down_indoor_hall_disgust__X0EIIJF7,15_13__walking_down_indoor_hall_disgust__X0EIIJF7,1,15
DFD_manipulated_sequences/13_09__walking_down_street_outside_angry__8YDMHH02,13_09__walking_down_street_outside_angry__8YDMHH02,1,15
DFD_manipulated_sequences/07_02__outside_talking_pan_laughing__0IYV5DQ5,07_02__outside_talking_pan_laughing__0IYV5DQ5,1,15
DFD_manipulated_sequences/15_06__walking_down_street_outside_angry__YDX3GHFS,15_06__walking_down_street_outside_angry__YDX3GHFS,1,15
DFD_manipulated_sequences/03_18__walking_outside_cafe_disgusted__UEC1BI8E,03_18__walking_outside_cafe_disgusted__UEC1BI8E,1,15
DFD_manipulated_sequences/02_15__talking_against_wall__QYSDT9SO,02_15__talking_against_wall__QYSDT9SO,1,15
DFD_manipulated_sequences/20_14__exit_phone_room__B014BKVO,20_14__exit_phone_room__B014BKVO,1,15
DFD_manipulated_sequences/13_03__secret_conversation__GBYWJW06,13_03__secret_conversation__GBYWJW06,1,15
DFD_manipulated_sequences/14_26__kitchen_pan__SU8SAHTT,14_26__kitchen_pan__SU8SAHTT,1,15
DFD_manipulated_sequences/26_04__kitchen_pan__MS2MLJP1,26_04__kitchen_pan__MS2MLJP1,1,15
DFD_manipulated_sequences/07_21__outside_talking_still_laughing__K7KXUHMU,07_21__outside_talking_still_laughing__K7KXUHMU,1,15
DFD_manipulated_sequences/15_02__podium_speech_happy__I8G2LWD1,15_02__podium_speech_happy__I8G2LWD1,1,15
DFD_manipulated_sequences/26_27__outside_talking_still_laughing__IE9N0ZI9,26_27__outside_talking_still_laughing__IE9N0ZI9,1,15
DFD_manipulated_sequences/06_02__talking_against_wall__MKZTXQ2T,06_02__talking_against_wall__MKZTXQ2T,1,15
DFD_manipulated_sequences/06_18__walk_down_hall_angry__OWJY9LQU,06_18__walk_down_hall_angry__OWJY9LQU,1,15
DFD_manipulated_sequences/02_03__walking_down_street_outside_angry__QH3Y0IG0,02_03__walking_down_street_outside_angry__QH3Y0IG0,1,15
DFD_manipulated_sequences/03_20__walk_down_hall_angry__61SVZ2J7,03_20__walk_down_hall_angry__61SVZ2J7,1,15
DFD_manipulated_sequences/14_03__exit_phone_room__KJ221YN0,14_03__exit_phone_room__KJ221YN0,1,15
DFD_manipulated_sequences/07_12__talking_angry_couch__88BSFG9O,07_12__talking_angry_couch__88BSFG9O,1,15
DFD_manipulated_sequences/06_25__talking_angry_couch__MI9BDQ7M,06_25__talking_angry_couch__MI9BDQ7M,1,15
DFD_manipulated_sequences/06_26__walking_down_street_outside_angry__L5BVR5L9,06_26__walking_down_street_outside_angry__L5BVR5L9,1,15
DFD_manipulated_sequences/08_16__talking_against_wall__8Q7JCS95,08_16__talking_against_wall__8Q7JCS95,1,15
DFD_manipulated_sequences/01_04__podium_speech_happy__0XUW13RW,01_04__podium_speech_happy__0XUW13RW,1,15
DFD_manipulated_sequences/15_14__walking_outside_cafe_disgusted__RNHLLKSQ,15_14__walking_outside_cafe_disgusted__RNHLLKSQ,1,15
DFD_manipulated_sequences/07_06__walking_down_street_outside_angry__NMGYPBXE,07_06__walking_down_street_outside_angry__NMGYPBXE,1,15
DFD_manipulated_sequences/03_14__exit_phone_room__KJ221YN0,03_14__exit_phone_room__KJ221YN0,1,15
DFD_manipulated_sequences/02_12__outside_talking_pan_laughing__9D2ZHEKW,02_12__outside_talking_pan_laughing__9D2ZHEKW,1,15
DFD_manipulated_sequences/06_12__podium_speech_happy__0VR4Y891,06_12__podium_speech_happy__0VR4Y891,1,15
DFD_manipulated_sequences/18_15__outside_talking_still_laughing__V5VHLCOW,18_15__outside_talking_still_laughing__V5VHLCOW,1,15
DFD_manipulated_sequences/06_02__exit_phone_room__3J3BHSHI,06_02__exit_phone_room__3J3BHSHI,1,15
DFD_manipulated_sequences/26_25__walking_down_street_outside_angry__XKQAYTLI,26_25__walking_down_street_outside_angry__XKQAYTLI,1,15
DFD_manipulated_sequences/06_20__kitchen_pan__6SUW7063,06_20__kitchen_pan__6SUW7063,1,15
DFD_manipulated_sequences/27_07__podium_speech_happy__LEVU87KC,27_07__podium_speech_happy__LEVU87KC,1,15
DFD_manipulated_sequences/13_04__walking_outside_cafe_disgusted__00T3UYOR,13_04__walking_outside_cafe_disgusted__00T3UYOR,1,15
DFD_manipulated_sequences/03_27__walk_down_hall_angry__KWGI1LSZ,03_27__walk_down_hall_angry__KWGI1LSZ,1,15
DFD_manipulated_sequences/07_20__walk_down_hall_angry__KV6Q7D6C,07_20__walk_down_hall_angry__KV6Q7D6C,1,15
DFD_manipulated_sequences/13_09__walking_down_indoor_hall_disgust__BVZGDFD8,13_09__walking_down_indoor_hall_disgust__BVZGDFD8,1,15
DFD_manipulated_sequences/27_01__walking_outside_cafe_disgusted__ZYCZ30C0,27_01__walking_outside_cafe_disgusted__ZYCZ30C0,1,15
DFD_manipulated_sequences/15_18__kitchen_pan__V5VHLCOW,15_18__kitchen_pan__V5VHLCOW,1,15
DFD_manipulated_sequences/22_10__walking_down_street_outside_angry__1TXK09OY,22_10__walking_down_street_outside_angry__1TXK09OY,1,15
DFD_manipulated_sequences/01_27__talking_against_wall__ZYCZ30C0,01_27__talking_against_wall__ZYCZ30C0,1,15
DFD_manipulated_sequences/12_11__podium_speech_happy__8NS148U7,12_11__podium_speech_happy__8NS148U7,1,15
DFD_manipulated_sequences/07_14__hugging_happy__VOX29AK0,07_14__hugging_happy__VOX29AK0,1,15
DFD_manipulated_sequences/26_12__kitchen_pan__OVOQACG8,26_12__kitchen_pan__OVOQACG8,1,15
DFD_manipulated_sequences/12_13__outside_talking_pan_laughing__2TM4IFSF,12_13__outside_talking_pan_laughing__2TM4IFSF,1,15
DFD_manipulated_sequences/25_02__outside_talking_still_laughing__Z7FQ69VP,25_02__outside_talking_still_laughing__Z7FQ69VP,1,15
DFD_manipulated_sequences/11_01__walking_down_street_outside_angry__9OM3VE0Y,11_01__walking_down_street_outside_angry__9OM3VE0Y,1,15
DFD_manipulated_sequences/14_18__talking_against_wall__0YRBHIKG,14_18__talking_against_wall__0YRBHIKG,1,15
DFD_manipulated_sequences/25_06__walk_down_hall_angry__3QQBVBYN,25_06__walk_down_hall_angry__3QQBVBYN,1,15
DFD_manipulated_sequences/04_26__walk_down_hall_angry__WX836VLY,04_26__walk_down_hall_angry__WX836VLY,1,15
DFD_manipulated_sequences/05_28__walking_outside_cafe_disgusted__2DK5X0Y0,05_28__walking_outside_cafe_disgusted__2DK5X0Y0,1,15
DFD_manipulated_sequences/21_09__kitchen_still__LBQF8ZN1,21_09__kitchen_still__LBQF8ZN1,1,15
DFD_manipulated_sequences/11_03__walk_down_hall_angry__P08VGHTA,11_03__walk_down_hall_angry__P08VGHTA,1,15
DFD_manipulated_sequences/01_04__kitchen_still__GBC7ZGDP,01_04__kitchen_still__GBC7ZGDP,1,15
DFD_manipulated_sequences/15_18__walk_down_hall_angry__V5VHLCOW,15_18__walk_down_hall_angry__V5VHLCOW,1,15
DFD_manipulated_sequences/03_06__exit_phone_room__1IXGY2FK,03_06__exit_phone_room__1IXGY2FK,1,15
DFD_manipulated_sequences/11_13__outside_talking_still_laughing__XXKQ4XM0,11_13__outside_talking_still_laughing__XXKQ4XM0,1,15
DFD_manipulated_sequences/26_18__walk_down_hall_angry__AI94QW74,26_18__walk_down_hall_angry__AI94QW74,1,15
DFD_manipulated_sequences/22_24__walking_outside_cafe_disgusted__XL557XC6,22_24__walking_outside_cafe_disgusted__XL557XC6,1,15
DFD_manipulated_sequences/07_03__outside_talking_still_laughing__7NGMD8FT,07_03__outside_talking_still_laughing__7NGMD8FT,1,15
DFD_manipulated_sequences/13_26__talking_against_wall__WK3NZ3UV,13_26__talking_against_wall__WK3NZ3UV,1,15
DFD_manipulated_sequences/06_18__walking_outside_cafe_disgusted__S7S2XGDP,06_18__walking_outside_cafe_disgusted__S7S2XGDP,1,15
DFD_manipulated_sequences/21_25__hugging_happy__2R46UX3R,21_25__hugging_happy__2R46UX3R,1,15
DFD_manipulated_sequences/02_15__exit_phone_room__HTG660F8,02_15__exit_phone_room__HTG660F8,1,15
DFD_manipulated_sequences/14_01__walking_outside_cafe_disgusted__01YF7VQM,14_01__walking_outside_cafe_disgusted__01YF7VQM,1,15
DFD_manipulated_sequences/02_01__walking_outside_cafe_disgusted__YVGY8LOK,02_01__walking_outside_cafe_disgusted__YVGY8LOK,1,15
DFD_manipulated_sequences/09_26__talking_against_wall__C3K20JOL,09_26__talking_against_wall__C3K20JOL,1,15
DFD_manipulated_sequences/18_14__kitchen_still__A5A1Q467,18_14__kitchen_still__A5A1Q467,1,15
DFD_manipulated_sequences/25_09__walking_outside_cafe_disgusted__5041ODBN,25_09__walking_outside_cafe_disgusted__5041ODBN,1,15
DFD_manipulated_sequences/11_18__talking_angry_couch__JJ1YREUN,11_18__talking_angry_couch__JJ1YREUN,1,15
DFD_manipulated_sequences/13_20__podium_speech_happy__C50CSOEX,13_20__podium_speech_happy__C50CSOEX,1,15
DFD_manipulated_sequences/14_21__talking_angry_couch__N0WM4GSV,14_21__talking_angry_couch__N0WM4GSV,1,15
DFD_manipulated_sequences/09_20__exit_phone_room__MKEWB4SM,09_20__exit_phone_room__MKEWB4SM,1,15
DFD_manipulated_sequences/21_11__kitchen_pan__N6YQW2AP,21_11__kitchen_pan__N6YQW2AP,1,15
DFD_manipulated_sequences/01_15__outside_talking_pan_laughing__02HILKYO,01_15__outside_talking_pan_laughing__02HILKYO,1,15
DFD_manipulated_sequences/28_08__walking_outside_cafe_disgusted__8BC35RFU,28_08__walking_outside_cafe_disgusted__8BC35RFU,1,15
DFD_manipulated_sequences/06_25__outside_talking_pan_laughing__3QQBVBYN,06_25__outside_talking_pan_laughing__3QQBVBYN,1,15
DFD_manipulated_sequences/02_25__walking_and_outside_surprised__Z7FQ69VP,02_25__walking_and_outside_surprised__Z7FQ69VP,1,15
DFD_manipulated_sequences/08_28__outside_talking_pan_laughing__HIOU8Z8I,08_28__outside_talking_pan_laughing__HIOU8Z8I,1,15
DFD_manipulated_sequences/27_02__exit_phone_room__6GC9HY9J,27_02__exit_phone_room__6GC9HY9J,1,15
DFD_manipulated_sequences/01_11__talking_against_wall__UQ0BOBNO,01_11__talking_against_wall__UQ0BOBNO,1,15
DFD_manipulated_sequences/13_26__secret_conversation__DZP10XW4,13_26__secret_conversation__DZP10XW4,1,15
DFD_manipulated_sequences/15_21__kitchen_pan__87WSBJP3,15_21__kitchen_pan__87WSBJP3,1,15
DFD_manipulated_sequences/17_16__exit_phone_room__S7UMSIQV,17_16__exit_phone_room__S7UMSIQV,1,15
DFD_manipulated_sequences/15_06__hugging_happy__E98QYYXO,15_06__hugging_happy__E98QYYXO,1,15
DFD_manipulated_sequences/03_14__secret_conversation__KJ221YN0,03_14__secret_conversation__KJ221YN0,1,15
DFD_manipulated_sequences/15_13__walk_down_hall_angry__X0EIIJF7,15_13__walk_down_hall_angry__X0EIIJF7,1,15
DFD_manipulated_sequences/20_11__kitchen_still__GNK9UR8K,20_11__kitchen_still__GNK9UR8K,1,15
DFD_manipulated_sequences/01_20__outside_talking_still_laughing__FW94AIMJ,01_20__outside_talking_still_laughing__FW94AIMJ,1,15
DFD_manipulated_sequences/09_13__exit_phone_room__NDMHWBT1,09_13__exit_phone_room__NDMHWBT1,1,15
DFD_manipulated_sequences/25_20__outside_talking_still_laughing__AMY6M1KL,25_20__outside_talking_still_laughing__AMY6M1KL,1,15
DFD_manipulated_sequences/03_01__kitchen_pan__JZUXXFRB,03_01__kitchen_pan__JZUXXFRB,1,15
DFD_manipulated_sequences/07_11__podium_speech_happy__PGC20QSY,07_11__podium_speech_happy__PGC20QSY,1,15
DFD_manipulated_sequences/22_23__walking_and_outside_surprised__J671JKCH,22_23__walking_and_outside_surprised__J671JKCH,1,15
DFD_manipulated_sequences/03_26__walk_down_hall_angry__WBSXBL82,03_26__walk_down_hall_angry__WBSXBL82,1,15
DFD_manipulated_sequences/06_11__walking_outside_cafe_disgusted__MX659QU8,06_11__walking_outside_cafe_disgusted__MX659QU8,1,15
DFD_manipulated_sequences/01_04__walk_down_hall_angry__GBC7ZGDP,01_04__walk_down_hall_angry__GBC7ZGDP,1,15
DFD_manipulated_sequences/03_07__talking_against_wall__WPT3Z2KN,03_07__talking_against_wall__WPT3Z2KN,1,15
DFD_manipulated_sequences/12_07__podium_speech_happy__KAG65PEE,12_07__podium_speech_happy__KAG65PEE,1,15
DFD_manipulated_sequences/21_25__outside_talking_pan_laughing__NFBISHIN,21_25__outside_talking_pan_laughing__NFBISHIN,1,15
DFD_manipulated_sequences/04_21__kitchen_still__HY1VWEJK,04_21__kitchen_still__HY1VWEJK,1,15
DFD_manipulated_sequences/13_09__walking_down_indoor_hall_disgust__21H6XSPE,13_09__walking_down_indoor_hall_disgust__21H6XSPE,1,15
DFD_manipulated_sequences/01_04__outside_talking_still_laughing__0XUW13RW,01_04__outside_talking_still_laughing__0XUW13RW,1,15
DFD_manipulated_sequences/06_14__outside_talking_still_laughing__8U9ULZDT,06_14__outside_talking_still_laughing__8U9ULZDT,1,15
DFD_manipulated_sequences/06_02__talking_against_wall__GH8TGTBS,06_02__talking_against_wall__GH8TGTBS,1,15
DFD_manipulated_sequences/01_03__talking_against_wall__JZUXXFRB,01_03__talking_against_wall__JZUXXFRB,1,15
DFD_manipulated_sequences/03_11__kitchen_still__P08VGHTA,03_11__kitchen_still__P08VGHTA,1,15
DFD_manipulated_sequences/27_14__walking_outside_cafe_disgusted__0KSONKQ2,27_14__walking_outside_cafe_disgusted__0KSONKQ2,1,15
DFD_manipulated_sequences/02_13__talking_angry_couch__CP5HFV3K,02_13__talking_angry_couch__CP5HFV3K,1,15
DFD_manipulated_sequences/04_02__outside_talking_still_laughing__8CH7R4LW,04_02__outside_talking_still_laughing__8CH7R4LW,1,15
DFD_manipulated_sequences/27_02__podium_speech_happy__XFSH3BW7,27_02__podium_speech_happy__XFSH3BW7,1,15
DFD_manipulated_sequences/26_20__outside_talking_pan_laughing__C8GN41DU,26_20__outside_talking_pan_laughing__C8GN41DU,1,15
DFD_manipulated_sequences/14_20__outside_talking_pan_laughing__R7SPX6OK,14_20__outside_talking_pan_laughing__R7SPX6OK,1,15
DFD_manipulated_sequences/02_27__meeting_serious__QW05XUUZ,02_27__meeting_serious__QW05XUUZ,1,15
DFD_manipulated_sequences/19_23__secret_conversation__D1K19NUP,19_23__secret_conversation__D1K19NUP,1,15
DFD_manipulated_sequences/26_12__outside_talking_pan_laughing__OVOQACG8,26_12__outside_talking_pan_laughing__OVOQACG8,1,15
DFD_manipulated_sequences/09_25__talking_against_wall__ODAQ7BZL,09_25__talking_against_wall__ODAQ7BZL,1,15
DFD_manipulated_sequences/14_03__kitchen_still__0O9TTCJT,14_03__kitchen_still__0O9TTCJT,1,15
DFD_manipulated_sequences/16_28__outside_talking_pan_laughing__X5FNCYON,16_28__outside_talking_pan_laughing__X5FNCYON,1,15
DFD_manipulated_sequences/12_07__walking_down_indoor_hall_disgust__KAG65PEE,12_07__walking_down_indoor_hall_disgust__KAG65PEE,1,15
DFD_manipulated_sequences/11_25__podium_speech_happy__JX0SAMTC,11_25__podium_speech_happy__JX0SAMTC,1,15
DFD_manipulated_sequences/04_15__outside_talking_pan_laughing__7NW4Z6WZ,04_15__outside_talking_pan_laughing__7NW4Z6WZ,1,15
DFD_manipulated_sequences/02_09__kitchen_pan__6KUOFMZW,02_09__kitchen_pan__6KUOFMZW,1,15
DFD_manipulated_sequences/20_14__outside_talking_pan_laughing__R7SPX6OK,20_14__outside_talking_pan_laughing__R7SPX6OK,1,15
DFD_manipulated_sequences/01_26__walking_outside_cafe_disgusted__BTVMWLG6,01_26__walking_outside_cafe_disgusted__BTVMWLG6,1,15
DFD_manipulated_sequences/21_15__kitchen_pan__87WSBJP3,21_15__kitchen_pan__87WSBJP3,1,15
DFD_manipulated_sequences/03_26__kitchen_still__WBSXBL82,03_26__kitchen_still__WBSXBL82,1,15
DFD_manipulated_sequences/03_01__talking_against_wall__JZUXXFRB,03_01__talking_against_wall__JZUXXFRB,1,15
DFD_manipulated_sequences/12_18__hugging_happy__IKH1LBBY,12_18__hugging_happy__IKH1LBBY,1,15
DFD_manipulated_sequences/03_07__exit_phone_room__WPT3Z2KN,03_07__exit_phone_room__WPT3Z2KN,1,15
DFD_manipulated_sequences/14_18__walking_and_outside_surprised__6SB2BR0A,14_18__walking_and_outside_surprised__6SB2BR0A,1,15
DFD_manipulated_sequences/24_23__talking_angry_couch__YR5OVD4S,24_23__talking_angry_couch__YR5OVD4S,1,15
DFD_manipulated_sequences/22_24__outside_talking_still_laughing__XL557XC6,22_24__outside_talking_still_laughing__XL557XC6,1,15
DFD_manipulated_sequences/26_15__walk_down_hall_angry__JHMUZFIJ,26_15__walk_down_hall_angry__JHMUZFIJ,1,15
DFD_manipulated_sequences/01_04__hugging_happy__GBC7ZGDP,01_04__hugging_happy__GBC7ZGDP,1,15
DFD_manipulated_sequences/03_18__exit_phone_room__N72YE748,03_18__exit_phone_room__N72YE748,1,15
DFD_manipulated_sequences/18_11__walk_down_hall_angry__PT4YKO2R,18_11__walk_down_hall_angry__PT4YKO2R,1,15
DFD_manipulated_sequences/12_13__secret_conversation__DJ7MF331,12_13__secret_conversation__DJ7MF331,1,15
DFD_manipulated_sequences/26_13__outside_talking_still_laughing__CJALTDKT,26_13__outside_talking_still_laughing__CJALTDKT,1,15
DFD_manipulated_sequences/25_20__walking_down_street_outside_angry__DW2L6D2V,25_20__walking_down_street_outside_angry__DW2L6D2V,1,15
DFD_manipulated_sequences/20_26__outside_talking_pan_laughing__01OJA93K,20_26__outside_talking_pan_laughing__01OJA93K,1,15
DFD_manipulated_sequences/03_07__talking_against_wall__F0YYEA5W,03_07__talking_against_wall__F0YYEA5W,1,15
DFD_manipulated_sequences/07_21__exit_phone_room__MKU99DVX,07_21__exit_phone_room__MKU99DVX,1,15
DFD_manipulated_sequences/26_25__talking_against_wall__PQ41U3IJ,26_25__talking_against_wall__PQ41U3IJ,1,15
DFD_manipulated_sequences/10_19__walking_outside_cafe_disgusted__FFXB67PI,10_19__walking_outside_cafe_disgusted__FFXB67PI,1,15
DFD_manipulated_sequences/11_18__talking_against_wall__PT4YKO2R,11_18__talking_against_wall__PT4YKO2R,1,15
DFD_manipulated_sequences/04_26__kitchen_still__WX836VLY,04_26__kitchen_still__WX836VLY,1,15
DFD_manipulated_sequences/14_20__talking_angry_couch__R7SPX6OK,14_20__talking_angry_couch__R7SPX6OK,1,15
DFD_manipulated_sequences/18_26__exit_phone_room__AI94QW74,18_26__exit_phone_room__AI94QW74,1,15
DFD_manipulated_sequences/15_12__kitchen_pan__RK17XFJ9,15_12__kitchen_pan__RK17XFJ9,1,15
DFD_manipulated_sequences/13_15__exit_phone_room__X0EIIJF7,13_15__exit_phone_room__X0EIIJF7,1,15
DFD_manipulated_sequences/01_02__walk_down_hall_angry__YVGY8LOK,01_02__walk_down_hall_angry__YVGY8LOK,1,15
DFD_manipulated_sequences/16_17__walk_down_hall_angry__S7UMSIQV,16_17__walk_down_hall_angry__S7UMSIQV,1,15
DFD_manipulated_sequences/26_18__walking_outside_cafe_disgusted__UMEX6HWU,26_18__walking_outside_cafe_disgusted__UMEX6HWU,1,15
DFD_manipulated_sequences/15_04__kitchen_still__46TJ9IOJ,15_04__kitchen_still__46TJ9IOJ,1,15
DFD_manipulated_sequences/19_24__walking_down_street_outside_angry__QD5K7BP2,19_24__walking_down_street_outside_angry__QD5K7BP2,1,15
DFD_manipulated_sequences/20_03__outside_talking_pan_laughing__61SVZ2J7,20_03__outside_talking_pan_laughing__61SVZ2J7,1,15
DFD_manipulated_sequences/09_21__exit_phone_room__JEELOMN2,09_21__exit_phone_room__JEELOMN2,1,15
DFD_manipulated_sequences/08_17__kitchen_still__ZCEYWYTC,08_17__kitchen_still__ZCEYWYTC,1,15
DFD_manipulated_sequences/26_18__kitchen_still__UMEX6HWU,26_18__kitchen_still__UMEX6HWU,1,15
DFD_manipulated_sequences/02_18__walk_down_hall_angry__B95S4G6F,02_18__walk_down_hall_angry__B95S4G6F,1,15
DFD_manipulated_sequences/15_06__outside_talking_still_laughing__QRCD27P8,15_06__outside_talking_still_laughing__QRCD27P8,1,15
DFD_manipulated_sequences/14_15__outside_talking_pan_laughing__OMLZILK3,14_15__outside_talking_pan_laughing__OMLZILK3,1,15
DFD_manipulated_sequences/06_07__walking_outside_cafe_disgusted__NMGYPBXE,06_07__walking_outside_cafe_disgusted__NMGYPBXE,1,15
DFD_manipulated_sequences/13_02__secret_conversation__CP5HFV3K,13_02__secret_conversation__CP5HFV3K,1,15
DFD_manipulated_sequences/03_18__kitchen_pan__22UBC0BS,03_18__kitchen_pan__22UBC0BS,1,15
DFD_manipulated_sequences/09_21__talking_against_wall__JEELOMN2,09_21__talking_against_wall__JEELOMN2,1,15
DFD_manipulated_sequences/21_07__kitchen_still__MKU99DVX,21_07__kitchen_still__MKU99DVX,1,15
DFD_manipulated_sequences/07_06__outside_talking_still_laughing__NMGYPBXE,07_06__outside_talking_still_laughing__NMGYPBXE,1,15
DFD_manipulated_sequences/15_03__outside_talking_pan_laughing__AIOM1U5V,15_03__outside_talking_pan_laughing__AIOM1U5V,1,15
DFD_manipulated_sequences/27_15__walking_and_outside_surprised__WZ4MLUAV,27_15__walking_and_outside_surprised__WZ4MLUAV,1,15
DFD_manipulated_sequences/07_04__hugging_happy__ITC0C48B,07_04__hugging_happy__ITC0C48B,1,15
DFD_manipulated_sequences/18_20__outside_talking_pan_laughing__8BMQOD7S,18_20__outside_talking_pan_laughing__8BMQOD7S,1,15
DFD_manipulated_sequences/18_14__secret_conversation__HYMNQ00Q,18_14__secret_conversation__HYMNQ00Q,1,15
DFD_manipulated_sequences/06_26__talking_angry_couch__L5BVR5L9,06_26__talking_angry_couch__L5BVR5L9,1,15
DFD_manipulated_sequences/21_03__outside_talking_pan_laughing__YCSEBZO4,21_03__outside_talking_pan_laughing__YCSEBZO4,1,15
DFD_manipulated_sequences/02_06__kitchen_still__HZAXM70B,02_06__kitchen_still__HZAXM70B,1,15
DFD_manipulated_sequences/24_22__kitchen_still__7E3GY85F,24_22__kitchen_still__7E3GY85F,1,15
DFD_manipulated_sequences/28_16__walking_down_street_outside_angry__ZA8XJIE9,28_16__walking_down_street_outside_angry__ZA8XJIE9,1,15
DFD_manipulated_sequences/09_20__walking_down_street_outside_angry__HG1S0KHA,09_20__walking_down_street_outside_angry__HG1S0KHA,1,15
DFD_manipulated_sequences/01_04__meeting_serious__0XUW13RW,01_04__meeting_serious__0XUW13RW,1,15
DFD_manipulated_sequences/27_06__walking_down_indoor_hall_disgust__JOG5PB18,27_06__walking_down_indoor_hall_disgust__JOG5PB18,1,15
DFD_manipulated_sequences/26_25__podium_speech_happy__0UFFR3U1,26_25__podium_speech_happy__0UFFR3U1,1,15
DFD_manipulated_sequences/09_21__walking_down_street_outside_angry__Z8H2TRCI,09_21__walking_down_street_outside_angry__Z8H2TRCI,1,15
DFD_manipulated_sequences/13_02__talking_angry_couch__CP5HFV3K,13_02__talking_angry_couch__CP5HFV3K,1,15
DFD_manipulated_sequences/03_21__outside_talking_pan_laughing__YCSEBZO4,03_21__outside_talking_pan_laughing__YCSEBZO4,1,15
DFD_manipulated_sequences/01_14__hugging_happy__0S0NS5C6,01_14__hugging_happy__0S0NS5C6,1,15
DFD_manipulated_sequences/12_13__talking_against_wall__2TM4IFSF,12_13__talking_against_wall__2TM4IFSF,1,15
DFD_manipulated_sequences/20_07__outside_talking_still_laughing__5VT4USF9,20_07__outside_talking_still_laughing__5VT4USF9,1,15
DFD_manipulated_sequences/02_15__talking_against_wall__I8G2LWD1,02_15__talking_against_wall__I8G2LWD1,1,15
DFD_manipulated_sequences/15_25__walking_outside_cafe_disgusted__BXVA6VQB,15_25__walking_outside_cafe_disgusted__BXVA6VQB,1,15
DFD_manipulated_sequences/26_04__outside_talking_pan_laughing__MS2MLJP1,26_04__outside_talking_pan_laughing__MS2MLJP1,1,15
DFD_manipulated_sequences/09_21__walk_down_hall_angry__O9ER29Z6,09_21__walk_down_hall_angry__O9ER29Z6,1,15
DFD_manipulated_sequences/03_07__talking_against_wall__9NVYPOMN,03_07__talking_against_wall__9NVYPOMN,1,15
DFD_manipulated_sequences/18_15__kitchen_pan__V5VHLCOW,18_15__kitchen_pan__V5VHLCOW,1,15
DFD_manipulated_sequences/28_05__talking_angry_couch__V20UNLJ5,28_05__talking_angry_couch__V20UNLJ5,1,15
DFD_manipulated_sequences/22_10__exit_phone_room__8YQ2EUQP,22_10__exit_phone_room__8YQ2EUQP,1,15
DFD_manipulated_sequences/03_18__kitchen_still__22UBC0BS,03_18__kitchen_still__22UBC0BS,1,15
DFD_manipulated_sequences/24_22__outside_talking_pan_laughing__XL557XC6,24_22__outside_talking_pan_laughing__XL557XC6,1,15
DFD_manipulated_sequences/20_25__talking_against_wall__NPM0ENKD,20_25__talking_against_wall__NPM0ENKD,1,15
DFD_manipulated_sequences/01_11__talking_against_wall__P06JKA75,01_11__talking_against_wall__P06JKA75,1,15
DFD_manipulated_sequences/06_02__exit_phone_room__SU4OQCS9,06_02__exit_phone_room__SU4OQCS9,1,15
DFD_manipulated_sequences/09_21__kitchen_pan__JEELOMN2,09_21__kitchen_pan__JEELOMN2,1,15
DFD_manipulated_sequences/25_26__walking_outside_cafe_disgusted__7ZRKCFMS,25_26__walking_outside_cafe_disgusted__7ZRKCFMS,1,15
DFD_manipulated_sequences/03_11__kitchen_pan__P08VGHTA,03_11__kitchen_pan__P08VGHTA,1,15
DFD_manipulated_sequences/18_26__walking_down_street_outside_angry__UMEX6HWU,18_26__walking_down_street_outside_angry__UMEX6HWU,1,15
DFD_manipulated_sequences/19_22__walk_down_hall_angry__VK6BF5NV,19_22__walk_down_hall_angry__VK6BF5NV,1,15
DFD_manipulated_sequences/03_26__kitchen_pan__WBSXBL82,03_26__kitchen_pan__WBSXBL82,1,15
DFD_manipulated_sequences/21_07__talking_against_wall__CRGVSDBI,21_07__talking_against_wall__CRGVSDBI,1,15
DFD_manipulated_sequences/14_09__walking_outside_cafe_disgusted__6TEK3ZX0,14_09__walking_outside_cafe_disgusted__6TEK3ZX0,1,15
DFD_manipulated_sequences/25_09__walking_outside_cafe_disgusted__ODAQ7BZL,25_09__walking_outside_cafe_disgusted__ODAQ7BZL,1,15
DFD_manipulated_sequences/02_12__hugging_happy__9D2ZHEKW,02_12__hugging_happy__9D2ZHEKW,1,15
DFD_manipulated_sequences/06_02__kitchen_pan__O9WOC1KJ,06_02__kitchen_pan__O9WOC1KJ,1,15
DFD_manipulated_sequences/21_07__exit_phone_room__MKU99DVX,21_07__exit_phone_room__MKU99DVX,1,15
DFD_manipulated_sequences/06_11__talking_against_wall__C8C4FW99,06_11__talking_against_wall__C8C4FW99,1,15
DFD_manipulated_sequences/14_26__walk_down_hall_angry__ILLP29ZH,14_26__walk_down_hall_angry__ILLP29ZH,1,15
DFD_manipulated_sequences/18_15__outside_talking_pan_laughing__V5VHLCOW,18_15__outside_talking_pan_laughing__V5VHLCOW,1,15
DFD_manipulated_sequences/13_02__kitchen_still__2YSYT2N3,13_02__kitchen_still__2YSYT2N3,1,15
DFD_manipulated_sequences/23_19__talking_angry_couch__F7U8UY7V,23_19__talking_angry_couch__F7U8UY7V,1,15
DFD_manipulated_sequences/15_13__walking_down_street_outside_angry__X0EIIJF7,15_13__walking_down_street_outside_angry__X0EIIJF7,1,15
DFD_manipulated_sequences/07_12__talking_against_wall__0VN0A2T3,07_12__talking_against_wall__0VN0A2T3,1,15
DFD_manipulated_sequences/01_02__talking_against_wall__YVGY8LOK,01_02__talking_against_wall__YVGY8LOK,1,15
DFD_manipulated_sequences/03_01__podium_speech_happy__ISF9SP4G,03_01__podium_speech_happy__ISF9SP4G,1,15
DFD_manipulated_sequences/26_27__podium_speech_happy__IE9N0ZI9,26_27__podium_speech_happy__IE9N0ZI9,1,15
DFD_manipulated_sequences/13_12__kitchen_pan__O3SOWBCU,13_12__kitchen_pan__O3SOWBCU,1,15
DFD_manipulated_sequences/02_07__talking_against_wall__1ZE4HC06,02_07__talking_against_wall__1ZE4HC06,1,15
DFD_manipulated_sequences/06_02__exit_phone_room__J1W9R0NG,06_02__exit_phone_room__J1W9R0NG,1,15
DFD_manipulated_sequences/06_20__hugging_happy__6SUW7063,06_20__hugging_happy__6SUW7063,1,15
DFD_manipulated_sequences/03_06__hugging_happy__4I8LRXWF,03_06__hugging_happy__4I8LRXWF,1,15
DFD_manipulated_sequences/27_02__kitchen_pan__78M8S6M6,27_02__kitchen_pan__78M8S6M6,1,15
DFD_manipulated_sequences/26_20__podium_speech_happy__1UEDQ3GY,26_20__podium_speech_happy__1UEDQ3GY,1,15
DFD_manipulated_sequences/01_11__kitchen_still__5OVT6C66,01_11__kitchen_still__5OVT6C66,1,15
DFD_manipulated_sequences/20_14__walk_down_hall_angry__B014BKVO,20_14__walk_down_hall_angry__B014BKVO,1,15
DFD_manipulated_sequences/04_26__outside_talking_pan_laughing__WX836VLY,04_26__outside_talking_pan_laughing__WX836VLY,1,15
DFD_manipulated_sequences/21_07__outside_talking_still_laughing__K7KXUHMU,21_07__outside_talking_still_laughing__K7KXUHMU,1,15
DFD_manipulated_sequences/01_03__podium_speech_happy__480LQD1C,01_03__podium_speech_happy__480LQD1C,1,15
DFD_manipulated_sequences/02_15__kitchen_pan__SB6PMCO0,02_15__kitchen_pan__SB6PMCO0,1,15
DFD_manipulated_sequences/18_26__talking_against_wall__UMEX6HWU,18_26__talking_against_wall__UMEX6HWU,1,15
DFD_manipulated_sequences/02_13__walking_down_indoor_hall_disgust__CP5HFV3K,02_13__walking_down_indoor_hall_disgust__CP5HFV3K,1,15
DFD_manipulated_sequences/25_07__exit_phone_room__IKMKYKPG,25_07__exit_phone_room__IKMKYKPG,1,15
DFD_manipulated_sequences/07_26__talking_against_wall__FGNGC2GT,07_26__talking_against_wall__FGNGC2GT,1,15
DFD_manipulated_sequences/26_18__outside_talking_still_laughing__UMEX6HWU,26_18__outside_talking_still_laughing__UMEX6HWU,1,15
DFD_manipulated_sequences/15_06__walking_and_outside_surprised__E98QYYXO,15_06__walking_and_outside_surprised__E98QYYXO,1,15
DFD_manipulated_sequences/09_02__walking_down_street_outside_angry__HIH8YA82,09_02__walking_down_street_outside_angry__HIH8YA82,1,15
DFD_manipulated_sequences/18_06__outside_talking_pan_laughing__OWJY9LQU,18_06__outside_talking_pan_laughing__OWJY9LQU,1,15
DFD_manipulated_sequences/06_18__kitchen_still__XJ76YU5A,06_18__kitchen_still__XJ76YU5A,1,15
DFD_manipulated_sequences/25_20__outside_talking_still_laughing__NPM0ENKD,25_20__outside_talking_still_laughing__NPM0ENKD,1,15
DFD_manipulated_sequences/03_07__walking_outside_cafe_disgusted__WPT3Z2KN,03_07__walking_outside_cafe_disgusted__WPT3Z2KN,1,15
DFD_manipulated_sequences/13_03__walking_down_indoor_hall_disgust__GBYWJW06,13_03__walking_down_indoor_hall_disgust__GBYWJW06,1,15
DFD_manipulated_sequences/12_07__walking_and_outside_surprised__X9X7FAZG,12_07__walking_and_outside_surprised__X9X7FAZG,1,15
DFD_manipulated_sequences/03_01__outside_talking_still_laughing__JZUXXFRB,03_01__outside_talking_still_laughing__JZUXXFRB,1,15
DFD_manipulated_sequences/03_06__podium_speech_happy__1IXGY2FK,03_06__podium_speech_happy__1IXGY2FK,1,15
DFD_manipulated_sequences/13_27__walking_and_outside_surprised__A1OSUJE9,13_27__walking_and_outside_surprised__A1OSUJE9,1,15
DFD_manipulated_sequences/15_03__exit_phone_room__GZNLO4X9,15_03__exit_phone_room__GZNLO4X9,1,15
DFD_manipulated_sequences/01_04__walk_down_hall_angry__0XUW13RW,01_04__walk_down_hall_angry__0XUW13RW,1,15
DFD_manipulated_sequences/03_18__exit_phone_room__22UBC0BS,03_18__exit_phone_room__22UBC0BS,1,15
DFD_manipulated_sequences/14_15__hugging_happy__3FRJCJ0V,14_15__hugging_happy__3FRJCJ0V,1,15
DFD_manipulated_sequences/12_04__kitchen_pan__B6YJ9IW1,12_04__kitchen_pan__B6YJ9IW1,1,15
DFD_manipulated_sequences/14_15__talking_against_wall__RNHLLKSQ,14_15__talking_against_wall__RNHLLKSQ,1,15
DFD_manipulated_sequences/06_04__outside_talking_still_laughing__ZK95PQDE,06_04__outside_talking_still_laughing__ZK95PQDE,1,15
DFD_manipulated_sequences/05_17__hugging_happy__YTJYYDO9,05_17__hugging_happy__YTJYYDO9,1,15
DFD_manipulated_sequences/09_20__talking_angry_couch__98NUQ3E6,09_20__talking_angry_couch__98NUQ3E6,1,15
DFD_manipulated_sequences/07_26__kitchen_pan__FGNGC2GT,07_26__kitchen_pan__FGNGC2GT,1,15
DFD_manipulated_sequences/25_27__outside_talking_pan_laughing__1KU29EUL,25_27__outside_talking_pan_laughing__1KU29EUL,1,15
DFD_manipulated_sequences/19_10__exit_phone_room__BVVPN5D5,19_10__exit_phone_room__BVVPN5D5,1,15
DFD_manipulated_sequences/24_19__walking_down_street_outside_angry__GNHYZ84G,24_19__walking_down_street_outside_angry__GNHYZ84G,1,15
DFD_manipulated_sequences/11_06__outside_talking_pan_laughing__MX659QU8,11_06__outside_talking_pan_laughing__MX659QU8,1,15
DFD_manipulated_sequences/23_19__kitchen_still__WHQ1229T,23_19__kitchen_still__WHQ1229T,1,15
DFD_manipulated_sequences/02_07__secret_conversation__0IYV5DQ5,02_07__secret_conversation__0IYV5DQ5,1,15
DFD_manipulated_sequences/12_06__walking_and_outside_surprised__3K21NFNM,12_06__walking_and_outside_surprised__3K21NFNM,1,15
DFD_manipulated_sequences/09_26__walking_down_street_outside_angry__C3K20JOL,09_26__walking_down_street_outside_angry__C3K20JOL,1,15
DFD_manipulated_sequences/20_14__walking_down_indoor_hall_disgust__R7SPX6OK,20_14__walking_down_indoor_hall_disgust__R7SPX6OK,1,15
DFD_manipulated_sequences/03_06__talking_against_wall__OPTNKNYK,03_06__talking_against_wall__OPTNKNYK,1,15
DFD_manipulated_sequences/18_02__walking_down_street_outside_angry__21JTDDEL,18_02__walking_down_street_outside_angry__21JTDDEL,1,15
DFD_manipulated_sequences/27_02__hugging_happy__UGO2181S,27_02__hugging_happy__UGO2181S,1,15
DFD_manipulated_sequences/27_25__walking_down_street_outside_angry__ZTV6TUQ9,27_25__walking_down_street_outside_angry__ZTV6TUQ9,1,15
DFD_manipulated_sequences/03_07__hugging_happy__BKLOCI1M,03_07__hugging_happy__BKLOCI1M,1,15
DFD_manipulated_sequences/20_13__walking_down_indoor_hall_disgust__VO2YZXLN,20_13__walking_down_indoor_hall_disgust__VO2YZXLN,1,15
DFD_manipulated_sequences/07_26__walk_down_hall_angry__FGNGC2GT,07_26__walk_down_hall_angry__FGNGC2GT,1,15
DFD_manipulated_sequences/13_07__walking_outside_cafe_disgusted__RVQCPCJF,13_07__walking_outside_cafe_disgusted__RVQCPCJF,1,15
DFD_manipulated_sequences/02_06__exit_phone_room__3J3BHSHI,02_06__exit_phone_room__3J3BHSHI,1,15
DFD_manipulated_sequences/04_15__walking_down_street_outside_angry__46TJ9IOJ,04_15__walking_down_street_outside_angry__46TJ9IOJ,1,15
DFD_manipulated_sequences/19_24__walk_down_hall_angry__RKQTC50P,19_24__walk_down_hall_angry__RKQTC50P,1,15
DFD_manipulated_sequences/18_11__kitchen_still__PT4YKO2R,18_11__kitchen_still__PT4YKO2R,1,15
DFD_manipulated_sequences/21_12__walking_and_outside_surprised__J54W3PV1,21_12__walking_and_outside_surprised__J54W3PV1,1,15
DFD_manipulated_sequences/11_01__talking_against_wall__WIZ7GKOD,11_01__talking_against_wall__WIZ7GKOD,1,15
DFD_manipulated_sequences/06_26__kitchen_pan__L5BVR5L9,06_26__kitchen_pan__L5BVR5L9,1,15
DFD_manipulated_sequences/17_05__kitchen_pan__C4VHXZFY,17_05__kitchen_pan__C4VHXZFY,1,15
DFD_manipulated_sequences/02_25__talking_angry_couch__Z7FQ69VP,02_25__talking_angry_couch__Z7FQ69VP,1,15
DFD_manipulated_sequences/05_16__walk_down_hall_angry__4MEM6YNQ,05_16__walk_down_hall_angry__4MEM6YNQ,1,15
DFD_manipulated_sequences/13_27__outside_talking_pan_laughing__A1OSUJE9,13_27__outside_talking_pan_laughing__A1OSUJE9,1,15
DFD_manipulated_sequences/24_23__podium_speech_happy__YR5OVD4S,24_23__podium_speech_happy__YR5OVD4S,1,15
DFD_manipulated_sequences/07_20__outside_talking_pan_laughing__KV6Q7D6C,07_20__outside_talking_pan_laughing__KV6Q7D6C,1,15
DFD_manipulated_sequences/13_11__kitchen_still__61T622EK,13_11__kitchen_still__61T622EK,1,15
DFD_manipulated_sequences/18_03__secret_conversation__32DBR8L4,18_03__secret_conversation__32DBR8L4,1,15
DFD_manipulated_sequences/02_06__secret_conversation__O9WOC1KJ,02_06__secret_conversation__O9WOC1KJ,1,15
DFD_manipulated_sequences/27_02__walking_down_indoor_hall_disgust__3L1MLH3D,27_02__walking_down_indoor_hall_disgust__3L1MLH3D,1,15
DFD_manipulated_sequences/18_09__walking_down_street_outside_angry__3VP8836C,18_09__walking_down_street_outside_angry__3VP8836C,1,15
DFD_manipulated_sequences/02_04__podium_speech_happy__8CH7R4LW,02_04__podium_speech_happy__8CH7R4LW,1,15
DFD_manipulated_sequences/21_25__outside_talking_pan_laughing__2R46UX3R,21_25__outside_talking_pan_laughing__2R46UX3R,1,15
DFD_manipulated_sequences/06_14__podium_speech_happy__8U9ULZDT,06_14__podium_speech_happy__8U9ULZDT,1,15
DFD_manipulated_sequences/02_09__walking_down_street_outside_angry__9TDCEK1Q,02_09__walking_down_street_outside_angry__9TDCEK1Q,1,15
DFD_manipulated_sequences/10_22__kitchen_still__J2HR5HKH,10_22__kitchen_still__J2HR5HKH,1,15
DFD_manipulated_sequences/04_15__kitchen_still__46TJ9IOJ,04_15__kitchen_still__46TJ9IOJ,1,15
DFD_manipulated_sequences/20_03__talking_angry_couch__9NFWR304,20_03__talking_angry_couch__9NFWR304,1,15
DFD_manipulated_sequences/21_09__hugging_happy__Z8H2TRCI,21_09__hugging_happy__Z8H2TRCI,1,15
DFD_manipulated_sequences/24_23__walking_down_street_outside_angry__YR5OVD4S,24_23__walking_down_street_outside_angry__YR5OVD4S,1,15
DFD_manipulated_sequences/12_25__walking_down_indoor_hall_disgust__FQE07ND1,12_25__walking_down_indoor_hall_disgust__FQE07ND1,1,15
DFD_manipulated_sequences/03_09__walk_down_hall_angry__8DTEGQ54,03_09__walk_down_hall_angry__8DTEGQ54,1,15
DFD_manipulated_sequences/13_14__kitchen_still__KMQ3AW6A,13_14__kitchen_still__KMQ3AW6A,1,15
DFD_manipulated_sequences/11_21__talking_angry_couch__T7DK03O1,11_21__talking_angry_couch__T7DK03O1,1,15
DFD_manipulated_sequences/14_12__outside_talking_pan_laughing__Z7EWFA0P,14_12__outside_talking_pan_laughing__Z7EWFA0P,1,15
DFD_manipulated_sequences/02_13__kitchen_still__2YSYT2N3,02_13__kitchen_still__2YSYT2N3,1,15
DFD_manipulated_sequences/03_15__exit_phone_room__GZNLO4X9,03_15__exit_phone_room__GZNLO4X9,1,15
DFD_manipulated_sequences/02_09__exit_phone_room__HIH8YA82,02_09__exit_phone_room__HIH8YA82,1,15
DFD_manipulated_sequences/02_01__walk_down_hall_angry__YVGY8LOK,02_01__walk_down_hall_angry__YVGY8LOK,1,15
DFD_manipulated_sequences/04_21__secret_conversation__PRCQUMY8,04_21__secret_conversation__PRCQUMY8,1,15
DFD_manipulated_sequences/18_27__kitchen_pan__BSOLX3SI,18_27__kitchen_pan__BSOLX3SI,1,15
DFD_manipulated_sequences/12_20__walking_outside_cafe_disgusted__B0X1CGG2,12_20__walking_outside_cafe_disgusted__B0X1CGG2,1,15
DFD_manipulated_sequences/07_12__hugging_happy__X9X7FAZG,07_12__hugging_happy__X9X7FAZG,1,15
DFD_manipulated_sequences/02_13__outside_talking_still_laughing__CP5HFV3K,02_13__outside_talking_still_laughing__CP5HFV3K,1,15
DFD_manipulated_sequences/04_18__kitchen_still__NAXINA1N,04_18__kitchen_still__NAXINA1N,1,15
DFD_manipulated_sequences/20_18__walking_down_indoor_hall_disgust__8BMQOD7S,20_18__walking_down_indoor_hall_disgust__8BMQOD7S,1,15
DFD_manipulated_sequences/13_15__walking_outside_cafe_disgusted__X0EIIJF7,13_15__walking_outside_cafe_disgusted__X0EIIJF7,1,15
DFD_manipulated_sequences/25_26__walking_down_street_outside_angry__XKQAYTLI,25_26__walking_down_street_outside_angry__XKQAYTLI,1,15
DFD_manipulated_sequences/13_09__walking_down_street_outside_angry__6K90KFOQ,13_09__walking_down_street_outside_angry__6K90KFOQ,1,15
DFD_manipulated_sequences/14_18__walking_and_outside_surprised__A5A1Q467,14_18__walking_and_outside_surprised__A5A1Q467,1,15
DFD_manipulated_sequences/27_01__walking_and_outside_surprised__S2YCUY48,27_01__walking_and_outside_surprised__S2YCUY48,1,15
DFD_manipulated_sequences/11_21__kitchen_pan__T7DK03O1,11_21__kitchen_pan__T7DK03O1,1,15
DFD_manipulated_sequences/02_14__outside_talking_pan_laughing__3IUBEKCT,02_14__outside_talking_pan_laughing__3IUBEKCT,1,15
DFD_manipulated_sequences/25_06__outside_talking_pan_laughing__3QQBVBYN,25_06__outside_talking_pan_laughing__3QQBVBYN,1,15
DFD_manipulated_sequences/01_26__outside_talking_pan_laughing__ZMEJ535O,01_26__outside_talking_pan_laughing__ZMEJ535O,1,15
DFD_manipulated_sequences/09_18__walking_down_street_outside_angry__3VP8836C,09_18__walking_down_street_outside_angry__3VP8836C,1,15
DFD_manipulated_sequences/18_15__walking_down_street_outside_angry__V5VHLCOW,18_15__walking_down_street_outside_angry__V5VHLCOW,1,15
DFD_manipulated_sequences/18_27__outside_talking_pan_laughing__NYHE8D0J,18_27__outside_talking_pan_laughing__NYHE8D0J,1,15
DFD_manipulated_sequences/20_26__talking_angry_couch__01OJA93K,20_26__talking_angry_couch__01OJA93K,1,15
DFD_manipulated_sequences/09_02__outside_talking_pan_laughing__HIH8YA82,09_02__outside_talking_pan_laughing__HIH8YA82,1,15
DFD_manipulated_sequences/22_24__outside_talking_pan_laughing__XL557XC6,22_24__outside_talking_pan_laughing__XL557XC6,1,15
DFD_manipulated_sequences/14_12__podium_speech_happy__Z7EWFA0P,14_12__podium_speech_happy__Z7EWFA0P,1,15
DFD_manipulated_sequences/20_25__talking_against_wall__MUS0X71T,20_25__talking_against_wall__MUS0X71T,1,15
DFD_manipulated_sequences/13_02__walking_and_outside_surprised__CP5HFV3K,13_02__walking_and_outside_surprised__CP5HFV3K,1,15
DFD_manipulated_sequences/15_01__exit_phone_room__02HILKYO,15_01__exit_phone_room__02HILKYO,1,15
DFD_manipulated_sequences/15_03__podium_speech_happy__Y11NT1YX,15_03__podium_speech_happy__Y11NT1YX,1,15
DFD_manipulated_sequences/08_28__exit_phone_room__LVT0XNQG,08_28__exit_phone_room__LVT0XNQG,1,15
DFD_manipulated_sequences/13_09__talking_against_wall__LPT427RY,13_09__talking_against_wall__LPT427RY,1,15
DFD_manipulated_sequences/28_05__exit_phone_room__U9LRLJ6N,28_05__exit_phone_room__U9LRLJ6N,1,15
DFD_manipulated_sequences/27_02__walk_down_hall_angry__B3XHKO27,27_02__walk_down_hall_angry__B3XHKO27,1,15
DFD_manipulated_sequences/21_11__walking_down_street_outside_angry__USLHUQDI,21_11__walking_down_street_outside_angry__USLHUQDI,1,15
DFD_manipulated_sequences/01_03__kitchen_pan__JZUXXFRB,01_03__kitchen_pan__JZUXXFRB,1,15
DFD_manipulated_sequences/10_19__podium_speech_happy__FFXB67PI,10_19__podium_speech_happy__FFXB67PI,1,15
DFD_manipulated_sequences/04_13__kitchen_pan__00T3UYOR,04_13__kitchen_pan__00T3UYOR,1,15
DFD_manipulated_sequences/11_20__walking_down_street_outside_angry__B2H95QXV,11_20__walking_down_street_outside_angry__B2H95QXV,1,15
DFD_manipulated_sequences/12_03__kitchen_pan__D7G6YJON,12_03__kitchen_pan__D7G6YJON,1,15
DFD_manipulated_sequences/26_25__outside_talking_pan_laughing__GJT740J9,26_25__outside_talking_pan_laughing__GJT740J9,1,15
DFD_manipulated_sequences/20_14__secret_conversation__3HWOJRAM,20_14__secret_conversation__3HWOJRAM,1,15
DFD_manipulated_sequences/25_13__exit_phone_room__7YMTAF29,25_13__exit_phone_room__7YMTAF29,1,15
DFD_manipulated_sequences/03_11__walking_and_outside_surprised__P08VGHTA,03_11__walking_and_outside_surprised__P08VGHTA,1,15
DFD_manipulated_sequences/01_09__secret_conversation__SJZRV69J,01_09__secret_conversation__SJZRV69J,1,13
DFD_manipulated_sequences/01_11__podium_speech_happy__WIZ7GKOD,01_11__podium_speech_happy__WIZ7GKOD,1,15
DFD_manipulated_sequences/13_25__exit_phone_room__7YMTAF29,13_25__exit_phone_room__7YMTAF29,1,15
DFD_manipulated_sequences/06_27__walking_and_outside_surprised__SZWVBWY4,06_27__walking_and_outside_surprised__SZWVBWY4,1,15
DFD_manipulated_sequences/18_26__walk_down_hall_angry__C9VUQS9O,18_26__walk_down_hall_angry__C9VUQS9O,1,15
DFD_manipulated_sequences/21_09__walking_outside_cafe_disgusted__MDMWQZUP,21_09__walking_outside_cafe_disgusted__MDMWQZUP,1,15
DFD_manipulated_sequences/13_14__hugging_happy__KMQ3AW6A,13_14__hugging_happy__KMQ3AW6A,1,15
DFD_manipulated_sequences/24_19__walking_outside_cafe_disgusted__GNHYZ84G,24_19__walking_outside_cafe_disgusted__GNHYZ84G,1,15
DFD_manipulated_sequences/01_02__meeting_serious__YVGY8LOK,01_02__meeting_serious__YVGY8LOK,1,15
DFD_manipulated_sequences/25_26__walk_down_hall_angry__XKQAYTLI,25_26__walk_down_hall_angry__XKQAYTLI,1,15
DFD_manipulated_sequences/13_07__secret_conversation__RVQCPCJF,13_07__secret_conversation__RVQCPCJF,1,15
DFD_manipulated_sequences/27_13__kitchen_still__A1OSUJE9,27_13__kitchen_still__A1OSUJE9,1,15
DFD_manipulated_sequences/27_02__walking_down_street_outside_angry__XFSH3BW7,27_02__walking_down_street_outside_angry__XFSH3BW7,1,15
DFD_manipulated_sequences/15_06__podium_speech_happy__QRCD27P8,15_06__podium_speech_happy__QRCD27P8,1,15
DFD_manipulated_sequences/15_06__walking_and_outside_surprised__QRCD27P8,15_06__walking_and_outside_surprised__QRCD27P8,1,15
DFD_manipulated_sequences/04_01__walking_down_street_outside_angry__GBC7ZGDP,04_01__walking_down_street_outside_angry__GBC7ZGDP,1,15
DFD_manipulated_sequences/21_03__hugging_happy__TEV3HIHZ,21_03__hugging_happy__TEV3HIHZ,1,15
DFD_manipulated_sequences/14_13__walking_outside_cafe_disgusted__KMQ3AW6A,14_13__walking_outside_cafe_disgusted__KMQ3AW6A,1,15
DFD_manipulated_sequences/20_09__hugging_happy__RAGUKRMK,20_09__hugging_happy__RAGUKRMK,1,15
DFD_manipulated_sequences/26_12__kitchen_pan__BFBNM8FR,26_12__kitchen_pan__BFBNM8FR,1,15
DFD_manipulated_sequences/15_21__talking_angry_couch__JDPD580N,15_21__talking_angry_couch__JDPD580N,1,15
DFD_manipulated_sequences/27_09__walking_down_street_outside_angry__RC9KATOO,27_09__walking_down_street_outside_angry__RC9KATOO,1,15
DFD_manipulated_sequences/21_04__kitchen_pan__PRCQUMY8,21_04__kitchen_pan__PRCQUMY8,1,15
DFD_manipulated_sequences/07_20__talking_against_wall__KV6Q7D6C,07_20__talking_against_wall__KV6Q7D6C,1,15
DFD_manipulated_sequences/03_01__secret_conversation__480LQD1C,03_01__secret_conversation__480LQD1C,1,15
DFD_manipulated_sequences/15_01__outside_talking_pan_laughing__02HILKYO,15_01__outside_talking_pan_laughing__02HILKYO,1,15
DFD_manipulated_sequences/26_18__walking_down_street_outside_angry__UMEX6HWU,26_18__walking_down_street_outside_angry__UMEX6HWU,1,15
DFD_manipulated_sequences/28_08__talking_angry_couch__KXO8S7OP,28_08__talking_angry_couch__KXO8S7OP,1,15
DFD_manipulated_sequences/02_18__kitchen_still__OXMEEFUQ,02_18__kitchen_still__OXMEEFUQ,1,15
DFD_manipulated_sequences/18_09__walking_outside_cafe_disgusted__3VP8836C,18_09__walking_outside_cafe_disgusted__3VP8836C,1,15
DFD_manipulated_sequences/22_23__outside_talking_pan_laughing__J671JKCH,22_23__outside_talking_pan_laughing__J671JKCH,1,15
DFD_manipulated_sequences/14_01__kitchen_still__01YF7VQM,14_01__kitchen_still__01YF7VQM,1,15
DFD_manipulated_sequences/14_21__walk_down_hall_angry__N0WM4GSV,14_21__walk_down_hall_angry__N0WM4GSV,1,15
DFD_manipulated_sequences/11_18__walk_down_hall_angry__KLKJ9FPE,11_18__walk_down_hall_angry__KLKJ9FPE,1,15
DFD_manipulated_sequences/22_23__walking_and_outside_surprised__TU7RHG0S,22_23__walking_and_outside_surprised__TU7RHG0S,1,15
DFD_manipulated_sequences/18_14__podium_speech_happy__0YRBHIKG,18_14__podium_speech_happy__0YRBHIKG,1,15
DFD_manipulated_sequences/02_09__kitchen_still__6KUOFMZW,02_09__kitchen_still__6KUOFMZW,1,15
DFD_manipulated_sequences/05_28__walking_down_street_outside_angry__V20UNLJ5,05_28__walking_down_street_outside_angry__V20UNLJ5,1,15
DFD_manipulated_sequences/26_12__talking_against_wall__HEKDCIHW,26_12__talking_against_wall__HEKDCIHW,1,15
DFD_manipulated_sequences/27_02__podium_speech_happy__6GC9HY9J,27_02__podium_speech_happy__6GC9HY9J,1,15
DFD_manipulated_sequences/15_02__talking_against_wall__I8G2LWD1,15_02__talking_against_wall__I8G2LWD1,1,15
DFD_manipulated_sequences/18_15__kitchen_still__V5VHLCOW,18_15__kitchen_still__V5VHLCOW,1,15
DFD_manipulated_sequences/21_25__walking_and_outside_surprised__NFBISHIN,21_25__walking_and_outside_surprised__NFBISHIN,1,15
DFD_manipulated_sequences/03_07__hugging_happy__IFSURI9X,03_07__hugging_happy__IFSURI9X,1,15
DFD_manipulated_sequences/26_12__talking_angry_couch__BFBNM8FR,26_12__talking_angry_couch__BFBNM8FR,1,15
DFD_manipulated_sequences/02_21__kitchen_pan__Z0XHPQAR,02_21__kitchen_pan__Z0XHPQAR,1,15
DFD_manipulated_sequences/14_03__kitchen_still__Q9NSXM88,14_03__kitchen_still__Q9NSXM88,1,15
DFD_manipulated_sequences/15_03__walk_down_hall_angry__AIOM1U5V,15_03__walk_down_hall_angry__AIOM1U5V,1,15
DFD_manipulated_sequences/03_06__walking_down_indoor_hall_disgust__1IXGY2FK,03_06__walking_down_indoor_hall_disgust__1IXGY2FK,1,15
DFD_manipulated_sequences/20_01__kitchen_still__FW94AIMJ,20_01__kitchen_still__FW94AIMJ,1,15
DFD_manipulated_sequences/02_15__walk_down_hall_angry__TN2CWM3K,02_15__walk_down_hall_angry__TN2CWM3K,1,15
DFD_manipulated_sequences/07_03__kitchen_pan__WPT3Z2KN,07_03__kitchen_pan__WPT3Z2KN,1,15
DFD_manipulated_sequences/16_05__kitchen_still__053HPS1G,16_05__kitchen_still__053HPS1G,1,15
DFD_manipulated_sequences/09_01__walking_down_street_outside_angry__SJZRV69J,09_01__walking_down_street_outside_angry__SJZRV69J,1,15
DFD_manipulated_sequences/02_06__walk_down_hall_angry__0M6JNS5D,02_06__walk_down_hall_angry__0M6JNS5D,1,15
DFD_manipulated_sequences/16_17__exit_phone_room__S7UMSIQV,16_17__exit_phone_room__S7UMSIQV,1,15
DFD_manipulated_sequences/11_01__outside_talking_pan_laughing__9OM3VE0Y,11_01__outside_talking_pan_laughing__9OM3VE0Y,1,15
DFD_manipulated_sequences/20_14__talking_angry_couch__B014BKVO,20_14__talking_angry_couch__B014BKVO,1,15
DFD_manipulated_sequences/14_21__walking_and_outside_surprised__N0WM4GSV,14_21__walking_and_outside_surprised__N0WM4GSV,1,15
DFD_manipulated_sequences/23_10__walking_and_outside_surprised__W4BDINQ5,23_10__walking_and_outside_surprised__W4BDINQ5,1,15
DFD_manipulated_sequences/01_04__kitchen_pan__GBC7ZGDP,01_04__kitchen_pan__GBC7ZGDP,1,15
DFD_manipulated_sequences/18_25__talking_against_wall__SEGFKFJG,18_25__talking_against_wall__SEGFKFJG,1,15
DFD_manipulated_sequences/21_11__kitchen_still__T7DK03O1,21_11__kitchen_still__T7DK03O1,1,15
DFD_manipulated_sequences/11_13__kitchen_still__61T622EK,11_13__kitchen_still__61T622EK,1,15
DFD_manipulated_sequences/26_11__kitchen_still__7C0VKV43,26_11__kitchen_still__7C0VKV43,1,15
DFD_manipulated_sequences/16_17__hugging_happy__S7UMSIQV,16_17__hugging_happy__S7UMSIQV,1,15
DFD_manipulated_sequences/11_01__outside_talking_still_laughing__18HYCC8C,11_01__outside_talking_still_laughing__18HYCC8C,1,15
DFD_manipulated_sequences/15_04__outside_talking_pan_laughing__46TJ9IOJ,15_04__outside_talking_pan_laughing__46TJ9IOJ,1,15
DFD_manipulated_sequences/12_15__kitchen_pan__N0SRODQD,12_15__kitchen_pan__N0SRODQD,1,15
DFD_manipulated_sequences/28_08__kitchen_pan__GQN9WHLD,28_08__kitchen_pan__GQN9WHLD,1,15
DFD_manipulated_sequences/03_18__outside_talking_still_laughing__N72YE748,03_18__outside_talking_still_laughing__N72YE748,1,15
DFD_manipulated_sequences/14_21__kitchen_still__IRKML4J0,14_21__kitchen_still__IRKML4J0,1,15
DFD_manipulated_sequences/12_26__exit_phone_room__HEKDCIHW,12_26__exit_phone_room__HEKDCIHW,1,15
DFD_manipulated_sequences/25_27__outside_talking_still_laughing__1KU29EUL,25_27__outside_talking_still_laughing__1KU29EUL,1,15
DFD_manipulated_sequences/06_14__kitchen_still__8U9ULZDT,06_14__kitchen_still__8U9ULZDT,1,15
DFD_manipulated_sequences/02_27__outside_talking_still_laughing__YQX5Z8GN,02_27__outside_talking_still_laughing__YQX5Z8GN,1,15
DFD_manipulated_sequences/02_07__podium_speech_happy__1KPVZAAP,02_07__podium_speech_happy__1KPVZAAP,1,15
DFD_manipulated_sequences/23_22__kitchen_still__J8JK3NBV,23_22__kitchen_still__J8JK3NBV,1,15
DFD_manipulated_sequences/04_07__outside_talking_still_laughing__XRK7FGZX,04_07__outside_talking_still_laughing__XRK7FGZX,1,15
DFD_manipulated_sequences/24_19__kitchen_still__RKQTC50P,24_19__kitchen_still__RKQTC50P,1,15
DFD_manipulated_sequences/01_26__meeting_serious__ZMEJ535O,01_26__meeting_serious__ZMEJ535O,1,15
DFD_manipulated_sequences/22_23__exit_phone_room__X2ZN5Q31,22_23__exit_phone_room__X2ZN5Q31,1,15
DFD_manipulated_sequences/06_27__walking_and_outside_surprised__O7L5Z9U8,06_27__walking_and_outside_surprised__O7L5Z9U8,1,15
DFD_manipulated_sequences/12_02__walking_and_outside_surprised__9D2ZHEKW,12_02__walking_and_outside_surprised__9D2ZHEKW,1,15
DFD_manipulated_sequences/28_05__exit_phone_room__VR9127O1,28_05__exit_phone_room__VR9127O1,1,15
DFD_manipulated_sequences/25_11__walk_down_hall_angry__JX0SAMTC,25_11__walk_down_hall_angry__JX0SAMTC,1,15
DFD_manipulated_sequences/02_07__secret_conversation__1VMZUH1W,02_07__secret_conversation__1VMZUH1W,1,15
DFD_manipulated_sequences/22_23__secret_conversation__10R2HRAU,22_23__secret_conversation__10R2HRAU,1,15
DFD_manipulated_sequences/03_01__podium_speech_happy__JZUXXFRB,03_01__podium_speech_happy__JZUXXFRB,1,15
DFD_manipulated_sequences/23_10__walking_down_indoor_hall_disgust__GYY4VANY,23_10__walking_down_indoor_hall_disgust__GYY4VANY,1,15
DFD_manipulated_sequences/05_16__podium_speech_happy__BY646B4R,05_16__podium_speech_happy__BY646B4R,1,15
DFD_manipulated_sequences/07_21__exit_phone_room__K7KXUHMU,07_21__exit_phone_room__K7KXUHMU,1,15
DFD_manipulated_sequences/13_09__hugging_happy__LPT427RY,13_09__hugging_happy__LPT427RY,1,15
DFD_manipulated_sequences/27_25__walk_down_hall_angry__GNIMW95Z,27_25__walk_down_hall_angry__GNIMW95Z,1,15
DFD_manipulated_sequences/12_04__walking_down_street_outside_angry__B6YJ9IW1,12_04__walking_down_street_outside_angry__B6YJ9IW1,1,15
DFD_manipulated_sequences/13_26__walking_outside_cafe_disgusted__SU8J9CBG,13_26__walking_outside_cafe_disgusted__SU8J9CBG,1,15
DFD_manipulated_sequences/13_09__talking_against_wall__21H6XSPE,13_09__talking_against_wall__21H6XSPE,1,15
DFD_manipulated_sequences/02_15__outside_talking_pan_laughing__SB6PMCO0,02_15__outside_talking_pan_laughing__SB6PMCO0,1,15
DFD_manipulated_sequences/23_22__walking_outside_cafe_disgusted__TU7RHG0S,23_22__walking_outside_cafe_disgusted__TU7RHG0S,1,15
DFD_manipulated_sequences/10_22__kitchen_still__8YQ2EUQP,10_22__kitchen_still__8YQ2EUQP,1,15
DFD_manipulated_sequences/18_09__outside_talking_pan_laughing__3VP8836C,18_09__outside_talking_pan_laughing__3VP8836C,1,15
DFD_manipulated_sequences/13_15__hugging_happy__X0EIIJF7,13_15__hugging_happy__X0EIIJF7,1,15
DFD_manipulated_sequences/14_21__podium_speech_happy__N0WM4GSV,14_21__podium_speech_happy__N0WM4GSV,1,15
DFD_manipulated_sequences/26_20__talking_angry_couch__2VS0S1P5,26_20__talking_angry_couch__2VS0S1P5,1,15
DFD_manipulated_sequences/01_09__kitchen_pan__6TSGVLHA,01_09__kitchen_pan__6TSGVLHA,1,15
DFD_manipulated_sequences/07_04__hugging_happy__QKCCFKBT,07_04__hugging_happy__QKCCFKBT,1,15
DFD_manipulated_sequences/14_07__hugging_happy__VOX29AK0,14_07__hugging_happy__VOX29AK0,1,15
DFD_manipulated_sequences/27_06__kitchen_pan__VN14WY2N,27_06__kitchen_pan__VN14WY2N,1,15
DFD_manipulated_sequences/27_25__walking_down_street_outside_angry__1KU29EUL,27_25__walking_down_street_outside_angry__1KU29EUL,1,15
DFD_manipulated_sequences/27_25__walk_down_hall_angry__ZTV6TUQ9,27_25__walk_down_hall_angry__ZTV6TUQ9,1,15
DFD_manipulated_sequences/13_11__outside_talking_still_laughing__61T622EK,13_11__outside_talking_still_laughing__61T622EK,1,15
DFD_manipulated_sequences/26_04__outside_talking_pan_laughing__WX836VLY,26_04__outside_talking_pan_laughing__WX836VLY,1,15
DFD_manipulated_sequences/20_13__walk_down_hall_angry__NJEO6L5O,20_13__walk_down_hall_angry__NJEO6L5O,1,15
DFD_manipulated_sequences/03_14__outside_talking_still_laughing__KJ221YN0,03_14__outside_talking_still_laughing__KJ221YN0,1,15
DFD_manipulated_sequences/04_26__outside_talking_pan_laughing__MS2MLJP1,04_26__outside_talking_pan_laughing__MS2MLJP1,1,15
DFD_manipulated_sequences/08_28__walking_outside_cafe_disgusted__GQN9WHLD,08_28__walking_outside_cafe_disgusted__GQN9WHLD,1,15
DFD_manipulated_sequences/05_08__talking_against_wall__BGI70HJ5,05_08__talking_against_wall__BGI70HJ5,1,15
DFD_manipulated_sequences/01_15__walking_and_outside_surprised__02HILKYO,01_15__walking_and_outside_surprised__02HILKYO,1,15
DFD_manipulated_sequences/14_01__outside_talking_still_laughing__01YF7VQM,14_01__outside_talking_still_laughing__01YF7VQM,1,15
DFD_manipulated_sequences/23_19__walk_down_hall_angry__H4SUVFTL,23_19__walk_down_hall_angry__H4SUVFTL,1,15
DFD_manipulated_sequences/11_06__secret_conversation__C8C4FW99,11_06__secret_conversation__C8C4FW99,1,15
DFD_manipulated_sequences/02_09__walk_down_hall_angry__6KUOFMZW,02_09__walk_down_hall_angry__6KUOFMZW,1,15
DFD_manipulated_sequences/25_26__exit_phone_room__7ZRKCFMS,25_26__exit_phone_room__7ZRKCFMS,1,15
DFD_manipulated_sequences/21_25__walk_down_hall_angry__NFBISHIN,21_25__walk_down_hall_angry__NFBISHIN,1,15
DFD_manipulated_sequences/14_01__walking_and_outside_surprised__01YF7VQM,14_01__walking_and_outside_surprised__01YF7VQM,1,15
DFD_manipulated_sequences/20_25__outside_talking_still_laughing__M786RTSM,20_25__outside_talking_still_laughing__M786RTSM,1,15
DFD_manipulated_sequences/20_25__hugging_happy__RSCD7KXO,20_25__hugging_happy__RSCD7KXO,1,15
DFD_manipulated_sequences/13_03__talking_angry_couch__GBYWJW06,13_03__talking_angry_couch__GBYWJW06,1,15
DFD_manipulated_sequences/12_15__outside_talking_still_laughing__RK17XFJ9,12_15__outside_talking_still_laughing__RK17XFJ9,1,15
DFD_manipulated_sequences/15_03__walk_down_hall_angry__DNUJD8M2,15_03__walk_down_hall_angry__DNUJD8M2,1,15
DFD_manipulated_sequences/20_27__walk_down_hall_angry__LM907ECA,20_27__walk_down_hall_angry__LM907ECA,1,15
DFD_manipulated_sequences/18_27__kitchen_pan__GRZ07XTD,18_27__kitchen_pan__GRZ07XTD,1,15
DFD_manipulated_sequences/02_07__outside_talking_pan_laughing__34PVT42V,02_07__outside_talking_pan_laughing__34PVT42V,1,15
DFD_manipulated_sequences/19_23__talking_angry_couch__F7U8UY7V,19_23__talking_angry_couch__F7U8UY7V,1,15
DFD_manipulated_sequences/06_12__walking_and_outside_surprised__3K21NFNM,06_12__walking_and_outside_surprised__3K21NFNM,1,15
DFD_manipulated_sequences/13_15__kitchen_pan__X0EIIJF7,13_15__kitchen_pan__X0EIIJF7,1,15
DFD_manipulated_sequences/01_20__hugging_happy__FW94AIMJ,01_20__hugging_happy__FW94AIMJ,1,15
DFD_manipulated_sequences/14_26__kitchen_pan__ILLP29ZH,14_26__kitchen_pan__ILLP29ZH,1,15
DFD_manipulated_sequences/20_09__walk_down_hall_angry__MKEWB4SM,20_09__walk_down_hall_angry__MKEWB4SM,1,15
DFD_manipulated_sequences/22_10__outside_talking_pan_laughing__1TXK09OY,22_10__outside_talking_pan_laughing__1TXK09OY,1,15
DFD_manipulated_sequences/07_03__hugging_happy__IFSURI9X,07_03__hugging_happy__IFSURI9X,1,15
DFD_manipulated_sequences/21_07__hugging_happy__CRGVSDBI,21_07__hugging_happy__CRGVSDBI,1,15
DFD_manipulated_sequences/20_12__talking_against_wall__GHPWDH3C,20_12__talking_against_wall__GHPWDH3C,1,15
DFD_manipulated_sequences/09_18__walk_down_hall_angry__3VP8836C,09_18__walk_down_hall_angry__3VP8836C,1,15
DFD_manipulated_sequences/07_02__outside_talking_pan_laughing__1ZE4HC06,07_02__outside_talking_pan_laughing__1ZE4HC06,1,15
DFD_manipulated_sequences/12_20__outside_talking_pan_laughing__GHPWDH3C,12_20__outside_talking_pan_laughing__GHPWDH3C,1,15
DFD_manipulated_sequences/01_03__outside_talking_still_laughing__JZUXXFRB,01_03__outside_talking_still_laughing__JZUXXFRB,1,15
DFD_manipulated_sequences/17_16__walk_down_hall_angry__P141P1QH,17_16__walk_down_hall_angry__P141P1QH,1,15
DFD_manipulated_sequences/27_25__outside_talking_pan_laughing__1KU29EUL,27_25__outside_talking_pan_laughing__1KU29EUL,1,15
DFD_manipulated_sequences/03_21__secret_conversation__YCSEBZO4,03_21__secret_conversation__YCSEBZO4,1,15
DFD_manipulated_sequences/25_07__walk_down_hall_angry__PAE9HCA8,25_07__walk_down_hall_angry__PAE9HCA8,1,15
DFD_manipulated_sequences/13_14__talking_angry_couch__KMQ3AW6A,13_14__talking_angry_couch__KMQ3AW6A,1,15
DFD_manipulated_sequences/07_02__secret_conversation__1JCLEEBQ,07_02__secret_conversation__1JCLEEBQ,1,15
DFD_manipulated_sequences/03_14__walking_down_street_outside_angry__Q9NSXM88,03_14__walking_down_street_outside_angry__Q9NSXM88,1,15
DFD_manipulated_sequences/23_22__secret_conversation__10R2HRAU,23_22__secret_conversation__10R2HRAU,1,15
DFD_manipulated_sequences/06_15__talking_against_wall__QRCD27P8,06_15__talking_against_wall__QRCD27P8,1,15
DFD_manipulated_sequences/12_18__talking_against_wall__IKH1LBBY,12_18__talking_against_wall__IKH1LBBY,1,15
DFD_manipulated_sequences/21_15__talking_against_wall__JDPD580N,21_15__talking_against_wall__JDPD580N,1,15
DFD_manipulated_sequences/06_26__podium_speech_happy__L5BVR5L9,06_26__podium_speech_happy__L5BVR5L9,1,15
DFD_manipulated_sequences/06_18__kitchen_pan__XJ76YU5A,06_18__kitchen_pan__XJ76YU5A,1,15
DFD_manipulated_sequences/07_14__talking_against_wall__P9QFO50U,07_14__talking_against_wall__P9QFO50U,1,15
DFD_manipulated_sequences/24_10__walking_down_street_outside_angry__356HPS7R,24_10__walking_down_street_outside_angry__356HPS7R,1,15
DFD_manipulated_sequences/01_11__secret_conversation__WIZ7GKOD,01_11__secret_conversation__WIZ7GKOD,1,12
DFD_manipulated_sequences/02_11__meeting_serious__NZJ1YEWE,02_11__meeting_serious__NZJ1YEWE,1,15
DFD_manipulated_sequences/02_01__talking_angry_couch__YVGY8LOK,02_01__talking_angry_couch__YVGY8LOK,1,15
DFD_manipulated_sequences/13_20__talking_against_wall__4SAX54BT,13_20__talking_against_wall__4SAX54BT,1,15
DFD_manipulated_sequences/07_03__walking_outside_cafe_disgusted__6PHZRQ4H,07_03__walking_outside_cafe_disgusted__6PHZRQ4H,1,15
DFD_manipulated_sequences/14_18__outside_talking_still_laughing__6SB2BR0A,14_18__outside_talking_still_laughing__6SB2BR0A,1,15
DFD_manipulated_sequences/01_11__walking_and_outside_surprised__18HYCC8C,01_11__walking_and_outside_surprised__18HYCC8C,1,15
DFD_manipulated_sequences/23_10__outside_talking_still_laughing__CU6SNBFZ,23_10__outside_talking_still_laughing__CU6SNBFZ,1,15
DFD_manipulated_sequences/27_06__walking_and_outside_surprised__VN14WY2N,27_06__walking_and_outside_surprised__VN14WY2N,1,15
DFD_manipulated_sequences/18_27__kitchen_pan__G7OOOUCX,18_27__kitchen_pan__G7OOOUCX,1,15
DFD_manipulated_sequences/12_15__talking_angry_couch__RK17XFJ9,12_15__talking_angry_couch__RK17XFJ9,1,15
DFD_manipulated_sequences/14_09__hugging_happy__6TEK3ZX0,14_09__hugging_happy__6TEK3ZX0,1,15
DFD_manipulated_sequences/04_02__walk_down_hall_angry__8CH7R4LW,04_02__walk_down_hall_angry__8CH7R4LW,1,15
DFD_manipulated_sequences/14_18__talking_angry_couch__A5A1Q467,14_18__talking_angry_couch__A5A1Q467,1,15
DFD_manipulated_sequences/06_11__outside_talking_still_laughing__C8C4FW99,06_11__outside_talking_still_laughing__C8C4FW99,1,15
DFD_manipulated_sequences/14_18__talking_angry_couch__0YRBHIKG,14_18__talking_angry_couch__0YRBHIKG,1,15
DFD_manipulated_sequences/21_09__talking_angry_couch__CGIID3GV,21_09__talking_angry_couch__CGIID3GV,1,15
DFD_manipulated_sequences/26_25__outside_talking_still_laughing__7ZRKCFMS,26_25__outside_talking_still_laughing__7ZRKCFMS,1,15
DFD_manipulated_sequences/20_25__outside_talking_still_laughing__M86GQTHK,20_25__outside_talking_still_laughing__M86GQTHK,1,15
DFD_manipulated_sequences/03_15__exit_phone_room__5C1OMK8W,03_15__exit_phone_room__5C1OMK8W,1,15
DFD_manipulated_sequences/26_04__walking_down_street_outside_angry__WX836VLY,26_04__walking_down_street_outside_angry__WX836VLY,1,15
DFD_manipulated_sequences/09_02__walk_down_hall_angry__9TDCEK1Q,09_02__walk_down_hall_angry__9TDCEK1Q,1,15
DFD_manipulated_sequences/13_20__kitchen_pan__4SAX54BT,13_20__kitchen_pan__4SAX54BT,1,15
DFD_manipulated_sequences/03_21__outside_talking_still_laughing__YCSEBZO4,03_21__outside_talking_still_laughing__YCSEBZO4,1,15
DFD_manipulated_sequences/17_08__walk_down_hall_angry__ISS1V0B1,17_08__walk_down_hall_angry__ISS1V0B1,1,15
DFD_manipulated_sequences/12_06__walking_down_street_outside_angry__F3I4PDYF,12_06__walking_down_street_outside_angry__F3I4PDYF,1,15
DFD_manipulated_sequences/13_27__talking_against_wall__A1OSUJE9,13_27__talking_against_wall__A1OSUJE9,1,15
DFD_manipulated_sequences/17_08__kitchen_still__ZCEYWYTC,17_08__kitchen_still__ZCEYWYTC,1,15
DFD_manipulated_sequences/06_07__outside_talking_still_laughing__NMGYPBXE,06_07__outside_talking_still_laughing__NMGYPBXE,1,15
DFD_manipulated_sequences/07_03__talking_against_wall__WPT3Z2KN,07_03__talking_against_wall__WPT3Z2KN,1,15
DFD_manipulated_sequences/21_09__walking_down_street_outside_angry__JEELOMN2,21_09__walking_down_street_outside_angry__JEELOMN2,1,15
DFD_manipulated_sequences/18_09__exit_phone_room__3VP8836C,18_09__exit_phone_room__3VP8836C,1,15
DFD_manipulated_sequences/07_02__walking_down_street_outside_angry__O4SXNLRL,07_02__walking_down_street_outside_angry__O4SXNLRL,1,15
DFD_manipulated_sequences/10_19__talking_angry_couch__QNZIMEJH,10_19__talking_angry_couch__QNZIMEJH,1,15
DFD_manipulated_sequences/14_06__hugging_happy__8U9ULZDT,14_06__hugging_happy__8U9ULZDT,1,15
DFD_manipulated_sequences/04_02__outside_talking_pan_laughing__8CH7R4LW,04_02__outside_talking_pan_laughing__8CH7R4LW,1,15
DFD_manipulated_sequences/26_07__outside_talking_pan_laughing__FGNGC2GT,26_07__outside_talking_pan_laughing__FGNGC2GT,1,15
DFD_manipulated_sequences/28_16__kitchen_pan__X5FNCYON,28_16__kitchen_pan__X5FNCYON,1,15
DFD_manipulated_sequences/20_14__podium_speech_happy__R7SPX6OK,20_14__podium_speech_happy__R7SPX6OK,1,15
DFD_manipulated_sequences/16_08__walking_down_indoor_hall_disgust__8Q7JCS95,16_08__walking_down_indoor_hall_disgust__8Q7JCS95,1,15
DFD_manipulated_sequences/13_07__walking_down_street_outside_angry__RVQCPCJF,13_07__walking_down_street_outside_angry__RVQCPCJF,1,15
DFD_manipulated_sequences/23_24__podium_speech_happy__YR5OVD4S,23_24__podium_speech_happy__YR5OVD4S,1,15
DFD_manipulated_sequences/15_14__exit_phone_room__4SO1CSAM,15_14__exit_phone_room__4SO1CSAM,1,15
DFD_manipulated_sequences/06_14__walking_and_outside_surprised__8U9ULZDT,06_14__walking_and_outside_surprised__8U9ULZDT,1,15
DFD_manipulated_sequences/02_18__secret_conversation__B95S4G6F,02_18__secret_conversation__B95S4G6F,1,15
DFD_manipulated_sequences/25_12__outside_talking_pan_laughing__0SA36BZ5,25_12__outside_talking_pan_laughing__0SA36BZ5,1,15
DFD_manipulated_sequences/09_13__podium_speech_happy__8YDMHH02,09_13__podium_speech_happy__8YDMHH02,1,15
DFD_manipulated_sequences/10_22__walking_down_street_outside_angry__8YQ2EUQP,10_22__walking_down_street_outside_angry__8YQ2EUQP,1,15
DFD_manipulated_sequences/03_14__kitchen_pan__B1CG25H1,03_14__kitchen_pan__B1CG25H1,1,15
DFD_manipulated_sequences/26_18__talking_angry_couch__AI94QW74,26_18__talking_angry_couch__AI94QW74,1,15
DFD_manipulated_sequences/26_20__secret_conversation__34DJQS3E,26_20__secret_conversation__34DJQS3E,1,15
DFD_manipulated_sequences/21_18__walking_down_indoor_hall_disgust__PQFTWVRQ,21_18__walking_down_indoor_hall_disgust__PQFTWVRQ,1,15
DFD_manipulated_sequences/06_18__walking_down_street_outside_angry__MVXBDKGB,06_18__walking_down_street_outside_angry__MVXBDKGB,1,15
DFD_manipulated_sequences/27_07__outside_talking_pan_laughing__LEVU87KC,27_07__outside_talking_pan_laughing__LEVU87KC,1,15
DFD_manipulated_sequences/11_21__kitchen_still__N6YQW2AP,11_21__kitchen_still__N6YQW2AP,1,15
DFD_manipulated_sequences/06_18__podium_speech_happy__5HNHMK6G,06_18__podium_speech_happy__5HNHMK6G,1,15
DFD_manipulated_sequences/03_01__talking_angry_couch__JZUXXFRB,03_01__talking_angry_couch__JZUXXFRB,1,15
DFD_manipulated_sequences/12_26__kitchen_pan__HEKDCIHW,12_26__kitchen_pan__HEKDCIHW,1,15
DFD_manipulated_sequences/19_24__secret_conversation__QD5K7BP2,19_24__secret_conversation__QD5K7BP2,1,15
DFD_manipulated_sequences/18_12__outside_talking_pan_laughing__IKH1LBBY,18_12__outside_talking_pan_laughing__IKH1LBBY,1,15
DFD_manipulated_sequences/14_20__hugging_happy__B014BKVO,14_20__hugging_happy__B014BKVO,1,15
DFD_manipulated_sequences/26_03__talking_angry_couch__WBSXBL82,26_03__talking_angry_couch__WBSXBL82,1,15
DFD_manipulated_sequences/03_21__talking_against_wall__YCSEBZO4,03_21__talking_against_wall__YCSEBZO4,1,15
DFD_manipulated_sequences/15_21__exit_phone_room__87WSBJP3,15_21__exit_phone_room__87WSBJP3,1,15
DFD_manipulated_sequences/13_04__secret_conversation__00T3UYOR,13_04__secret_conversation__00T3UYOR,1,15
DFD_manipulated_sequences/02_07__walk_down_hall_angry__U7DEOZNV,02_07__walk_down_hall_angry__U7DEOZNV,1,15
DFD_manipulated_sequences/11_03__outside_talking_still_laughing__P08VGHTA,11_03__outside_talking_still_laughing__P08VGHTA,1,15
DFD_manipulated_sequences/25_12__walking_down_street_outside_angry__MA71PDNV,25_12__walking_down_street_outside_angry__MA71PDNV,1,15
DFD_manipulated_sequences/07_03__exit_phone_room__6PHZRQ4H,07_03__exit_phone_room__6PHZRQ4H,1,15
DFD_manipulated_sequences/26_20__outside_talking_pan_laughing__01OJA93K,26_20__outside_talking_pan_laughing__01OJA93K,1,15
DFD_manipulated_sequences/02_07__meeting_serious__1JCLEEBQ,02_07__meeting_serious__1JCLEEBQ,1,15
DFD_manipulated_sequences/15_12__kitchen_still__RK17XFJ9,15_12__kitchen_still__RK17XFJ9,1,15
DFD_manipulated_sequences/16_28__podium_speech_happy__6DWLCU6T,16_28__podium_speech_happy__6DWLCU6T,1,15
DFD_manipulated_sequences/09_03__outside_talking_pan_laughing__8DTEGQ54,09_03__outside_talking_pan_laughing__8DTEGQ54,1,15
DFD_manipulated_sequences/02_27__kitchen_pan__B3XHKO27,02_27__kitchen_pan__B3XHKO27,1,15
DFD_manipulated_sequences/25_20__talking_against_wall__CYKLS79C,25_20__talking_against_wall__CYKLS79C,1,15
DFD_manipulated_sequences/08_05__walk_down_hall_angry__FBICSP2C,08_05__walk_down_hall_angry__FBICSP2C,1,15
DFD_manipulated_sequences/13_11__kitchen_pan__XXKQ4XM0,13_11__kitchen_pan__XXKQ4XM0,1,15
DFD_manipulated_sequences/06_18__talking_angry_couch__H9445M6R,06_18__talking_angry_couch__H9445M6R,1,15
DFD_manipulated_sequences/12_25__walking_and_outside_surprised__FQE07ND1,12_25__walking_and_outside_surprised__FQE07ND1,1,15
DFD_manipulated_sequences/02_07__kitchen_still__TBLYQBIY,02_07__kitchen_still__TBLYQBIY,1,15
DFD_manipulated_sequences/07_02__hugging_happy__O4SXNLRL,07_02__hugging_happy__O4SXNLRL,1,15
DFD_manipulated_sequences/01_04__walking_outside_cafe_disgusted__0XUW13RW,01_04__walking_outside_cafe_disgusted__0XUW13RW,1,15
DFD_manipulated_sequences/07_14__podium_speech_happy__P9QFO50U,07_14__podium_speech_happy__P9QFO50U,1,15
DFD_manipulated_sequences/04_11__exit_phone_room__60BU0X0I,04_11__exit_phone_room__60BU0X0I,1,15
DFD_manipulated_sequences/06_14__hugging_happy__8U9ULZDT,06_14__hugging_happy__8U9ULZDT,1,15
DFD_manipulated_sequences/21_09__walking_outside_cafe_disgusted__JEELOMN2,21_09__walking_outside_cafe_disgusted__JEELOMN2,1,15
DFD_manipulated_sequences/01_11__hugging_happy__EKE2KNRE,01_11__hugging_happy__EKE2KNRE,1,15
DFD_manipulated_sequences/02_07__meeting_serious__O4SXNLRL,02_07__meeting_serious__O4SXNLRL,1,15
DFD_manipulated_sequences/03_20__outside_talking_pan_laughing__61SVZ2J7,03_20__outside_talking_pan_laughing__61SVZ2J7,1,15
DFD_manipulated_sequences/01_15__walk_down_hall_angry__02HILKYO,01_15__walk_down_hall_angry__02HILKYO,1,15
DFD_manipulated_sequences/03_06__hugging_happy__2XWC5JED,03_06__hugging_happy__2XWC5JED,1,15
DFD_manipulated_sequences/09_01__outside_talking_pan_laughing__SJZRV69J,09_01__outside_talking_pan_laughing__SJZRV69J,1,15
DFD_manipulated_sequences/22_19__walking_down_indoor_hall_disgust__VK6BF5NV,22_19__walking_down_indoor_hall_disgust__VK6BF5NV,1,15
DFD_manipulated_sequences/04_21__walking_down_street_outside_angry__5Y31RZP8,04_21__walking_down_street_outside_angry__5Y31RZP8,1,15
DFD_manipulated_sequences/11_06__outside_talking_still_laughing__MX659QU8,11_06__outside_talking_still_laughing__MX659QU8,1,15
DFD_manipulated_sequences/28_08__kitchen_still__8BC35RFU,28_08__kitchen_still__8BC35RFU,1,15
DFD_manipulated_sequences/19_24__kitchen_pan__QD5K7BP2,19_24__kitchen_pan__QD5K7BP2,1,15
DFD_manipulated_sequences/25_11__podium_speech_happy__JX0SAMTC,25_11__podium_speech_happy__JX0SAMTC,1,15
DFD_manipulated_sequences/15_02__walking_and_outside_surprised__N864L40U,15_02__walking_and_outside_surprised__N864L40U,1,15
DFD_manipulated_sequences/20_25__walking_down_street_outside_angry__ZG0SRZOA,20_25__walking_down_street_outside_angry__ZG0SRZOA,1,15
DFD_manipulated_sequences/11_04__walking_outside_cafe_disgusted__SXI772ZL,11_04__walking_outside_cafe_disgusted__SXI772ZL,1,15
DFD_manipulated_sequences/19_24__kitchen_still__GNHYZ84G,19_24__kitchen_still__GNHYZ84G,1,15
DFD_manipulated_sequences/20_01__outside_talking_still_laughing__6UBMLXK3,20_01__outside_talking_still_laughing__6UBMLXK3,1,15
DFD_manipulated_sequences/03_07__walk_down_hall_angry__6PHZRQ4H,03_07__walk_down_hall_angry__6PHZRQ4H,1,15
DFD_manipulated_sequences/03_26__walking_outside_cafe_disgusted__WBSXBL82,03_26__walking_outside_cafe_disgusted__WBSXBL82,1,15
DFD_manipulated_sequences/06_18__walk_down_hall_angry__LH0KWJKM,06_18__walk_down_hall_angry__LH0KWJKM,1,15
DFD_manipulated_sequences/06_11__kitchen_still__C8C4FW99,06_11__kitchen_still__C8C4FW99,1,15
DFD_manipulated_sequences/15_18__kitchen_still__V5VHLCOW,15_18__kitchen_still__V5VHLCOW,1,15
DFD_manipulated_sequences/26_01__secret_conversation__BTVMWLG6,26_01__secret_conversation__BTVMWLG6,1,15
DFD_manipulated_sequences/02_09__talking_angry_couch__6KUOFMZW,02_09__talking_angry_couch__6KUOFMZW,1,15
DFD_manipulated_sequences/12_01__outside_talking_pan_laughing__TNI7KUZ6,12_01__outside_talking_pan_laughing__TNI7KUZ6,1,15
DFD_manipulated_sequences/20_14__secret_conversation__B014BKVO,20_14__secret_conversation__B014BKVO,1,15
DFD_manipulated_sequences/26_18__kitchen_pan__C9VUQS9O,26_18__kitchen_pan__C9VUQS9O,1,15
DFD_manipulated_sequences/20_14__talking_against_wall__R7SPX6OK,20_14__talking_against_wall__R7SPX6OK,1,15
DFD_manipulated_sequences/15_01__walking_down_street_outside_angry__02HILKYO,15_01__walking_down_street_outside_angry__02HILKYO,1,15
DFD_manipulated_sequences/20_13__hugging_happy__4RU7I77X,20_13__hugging_happy__4RU7I77X,1,15
DFD_manipulated_sequences/19_24__secret_conversation__DL7X7M6I,19_24__secret_conversation__DL7X7M6I,1,15
DFD_manipulated_sequences/08_28__podium_speech_happy__HIOU8Z8I,08_28__podium_speech_happy__HIOU8Z8I,1,15
DFD_manipulated_sequences/03_07__walking_down_indoor_hall_disgust__F0YYEA5W,03_07__walking_down_indoor_hall_disgust__F0YYEA5W,1,15
DFD_manipulated_sequences/13_02__outside_talking_still_laughing__2YSYT2N3,13_02__outside_talking_still_laughing__2YSYT2N3,1,15
DFD_manipulated_sequences/03_18__secret_conversation__N72YE748,03_18__secret_conversation__N72YE748,1,15
DFD_manipulated_sequences/15_04__walking_and_outside_surprised__46TJ9IOJ,15_04__walking_and_outside_surprised__46TJ9IOJ,1,15
DFD_manipulated_sequences/25_13__outside_talking_pan_laughing__PBM86HKZ,25_13__outside_talking_pan_laughing__PBM86HKZ,1,15
DFD_manipulated_sequences/15_01__walking_and_outside_surprised__02HILKYO,15_01__walking_and_outside_surprised__02HILKYO,1,15
DFD_manipulated_sequences/06_15__walking_outside_cafe_disgusted__QRCD27P8,06_15__walking_outside_cafe_disgusted__QRCD27P8,1,15
DFD_manipulated_sequences/01_11__exit_phone_room__4OJNJLOO,01_11__exit_phone_room__4OJNJLOO,1,15
DFD_manipulated_sequences/09_13__walking_down_street_outside_angry__NDMHWBT1,09_13__walking_down_street_outside_angry__NDMHWBT1,1,15
DFD_manipulated_sequences/03_26__meeting_serious__WBSXBL82,03_26__meeting_serious__WBSXBL82,1,15
DFD_manipulated_sequences/07_06__exit_phone_room__NMGYPBXE,07_06__exit_phone_room__NMGYPBXE,1,15
DFD_manipulated_sequences/15_06__walking_outside_cafe_disgusted__QRCD27P8,15_06__walking_outside_cafe_disgusted__QRCD27P8,1,15
DFD_manipulated_sequences/19_24__talking_angry_couch__W1DEM0XM,19_24__talking_angry_couch__W1DEM0XM,1,15
DFD_manipulated_sequences/07_06__walking_outside_cafe_disgusted__NMGYPBXE,07_06__walking_outside_cafe_disgusted__NMGYPBXE,1,15
DFD_manipulated_sequences/12_21__outside_talking_still_laughing__J54W3PV1,12_21__outside_talking_still_laughing__J54W3PV1,1,15
DFD_manipulated_sequences/12_11__walking_outside_cafe_disgusted__8NS148U7,12_11__walking_outside_cafe_disgusted__8NS148U7,1,15
DFD_manipulated_sequences/20_26__kitchen_pan__1UEDQ3GY,20_26__kitchen_pan__1UEDQ3GY,1,15
DFD_manipulated_sequences/21_03__outside_talking_still_laughing__YCSEBZO4,21_03__outside_talking_still_laughing__YCSEBZO4,1,15
DFD_manipulated_sequences/26_27__kitchen_pan__IE9N0ZI9,26_27__kitchen_pan__IE9N0ZI9,1,15
DFD_manipulated_sequences/03_07__walk_down_hall_angry__IFSURI9X,03_07__walk_down_hall_angry__IFSURI9X,1,15
DFD_manipulated_sequences/26_03__outside_talking_pan_laughing__WBSXBL82,26_03__outside_talking_pan_laughing__WBSXBL82,1,15
DFD_manipulated_sequences/12_07__secret_conversation__X9X7FAZG,12_07__secret_conversation__X9X7FAZG,1,15
DFD_manipulated_sequences/16_17__walk_down_hall_angry__EWJJTZHY,16_17__walk_down_hall_angry__EWJJTZHY,1,15
DFD_manipulated_sequences/02_03__podium_speech_happy__QH3Y0IG0,02_03__podium_speech_happy__QH3Y0IG0,1,15
DFD_manipulated_sequences/07_03__talking_against_wall__PWXXULHR,07_03__talking_against_wall__PWXXULHR,1,15
DFD_manipulated_sequences/02_13__exit_phone_room__PLNVLO74,02_13__exit_phone_room__PLNVLO74,1,15
DFD_manipulated_sequences/13_27__hugging_happy__A1OSUJE9,13_27__hugging_happy__A1OSUJE9,1,15
DFD_manipulated_sequences/06_03__kitchen_pan__1IXGY2FK,06_03__kitchen_pan__1IXGY2FK,1,15
DFD_manipulated_sequences/07_12__outside_talking_pan_laughing__0VN0A2T3,07_12__outside_talking_pan_laughing__0VN0A2T3,1,15
DFD_manipulated_sequences/09_11__talking_against_wall__INNOT5UE,09_11__talking_against_wall__INNOT5UE,1,15
DFD_manipulated_sequences/23_24__walking_and_outside_surprised__YR5OVD4S,23_24__walking_and_outside_surprised__YR5OVD4S,1,15
DFD_manipulated_sequences/24_19__talking_against_wall__QD5K7BP2,24_19__talking_against_wall__QD5K7BP2,1,15
DFD_manipulated_sequences/25_26__outside_talking_still_laughing__7ZRKCFMS,25_26__outside_talking_still_laughing__7ZRKCFMS,1,15
DFD_manipulated_sequences/16_05__outside_talking_pan_laughing__053HPS1G,16_05__outside_talking_pan_laughing__053HPS1G,1,15
DFD_manipulated_sequences/19_10__walk_down_hall_angry__BVVPN5D5,19_10__walk_down_hall_angry__BVVPN5D5,1,15
DFD_manipulated_sequences/07_04__exit_phone_room__QKCCFKBT,07_04__exit_phone_room__QKCCFKBT,1,15
DFD_manipulated_sequences/14_07__outside_talking_still_laughing__P9QFO50U,14_07__outside_talking_still_laughing__P9QFO50U,1,15
DFD_manipulated_sequences/21_09__kitchen_pan__JEELOMN2,21_09__kitchen_pan__JEELOMN2,1,15
DFD_manipulated_sequences/12_07__walking_and_outside_surprised__KAG65PEE,12_07__walking_and_outside_surprised__KAG65PEE,1,15
DFD_manipulated_sequences/02_12__podium_speech_happy__9D2ZHEKW,02_12__podium_speech_happy__9D2ZHEKW,1,15
DFD_manipulated_sequences/03_11__outside_talking_pan_laughing__P08VGHTA,03_11__outside_talking_pan_laughing__P08VGHTA,1,15
DFD_manipulated_sequences/12_13__kitchen_still__BFH4F0N8,12_13__kitchen_still__BFH4F0N8,1,15
DFD_manipulated_sequences/01_09__talking_angry_couch__O8HNNX43,01_09__talking_angry_couch__O8HNNX43,1,15
DFD_manipulated_sequences/24_23__kitchen_still__MDSDXSNU,24_23__kitchen_still__MDSDXSNU,1,15
DFD_manipulated_sequences/01_11__exit_phone_room__9229VVZ3,01_11__exit_phone_room__9229VVZ3,1,15
DFD_manipulated_sequences/12_25__walking_outside_cafe_disgusted__MA71PDNV,12_25__walking_outside_cafe_disgusted__MA71PDNV,1,15
DFD_manipulated_sequences/06_18__talking_against_wall__DEA1TCLN,06_18__talking_against_wall__DEA1TCLN,1,15
DFD_manipulated_sequences/23_19__walking_outside_cafe_disgusted__H4SUVFTL,23_19__walking_outside_cafe_disgusted__H4SUVFTL,1,15
DFD_manipulated_sequences/07_26__exit_phone_room__FGNGC2GT,07_26__exit_phone_room__FGNGC2GT,1,15
DFD_manipulated_sequences/20_09__walking_down_indoor_hall_disgust__9OJQX9KV,20_09__walking_down_indoor_hall_disgust__9OJQX9KV,1,15
DFD_manipulated_sequences/20_26__secret_conversation__34DJQS3E,20_26__secret_conversation__34DJQS3E,1,15
DFD_manipulated_sequences/21_01__walk_down_hall_angry__03X7CELV,21_01__walk_down_hall_angry__03X7CELV,1,15
DFD_manipulated_sequences/01_11__secret_conversation__4OJNJLOO,01_11__secret_conversation__4OJNJLOO,1,15
DFD_manipulated_sequences/18_03__exit_phone_room__N72YE748,18_03__exit_phone_room__N72YE748,1,15
DFD_manipulated_sequences/22_19__talking_against_wall__VK6BF5NV,22_19__talking_against_wall__VK6BF5NV,1,15
DFD_manipulated_sequences/21_09__kitchen_still__JEELOMN2,21_09__kitchen_still__JEELOMN2,1,15
DFD_manipulated_sequences/14_26__outside_talking_still_laughing__ILLP29ZH,14_26__outside_talking_still_laughing__ILLP29ZH,1,15
DFD_manipulated_sequences/03_07__walking_down_street_outside_angry__W3MXGEU9,03_07__walking_down_street_outside_angry__W3MXGEU9,1,15
DFD_manipulated_sequences/19_23__kitchen_still__WHQ1229T,19_23__kitchen_still__WHQ1229T,1,15
DFD_manipulated_sequences/13_25__talking_against_wall__7YMTAF29,13_25__talking_against_wall__7YMTAF29,1,15
DFD_manipulated_sequences/11_03__talking_against_wall__P08VGHTA,11_03__talking_against_wall__P08VGHTA,1,15
DFD_manipulated_sequences/09_25__walking_down_street_outside_angry__5041ODBN,09_25__walking_down_street_outside_angry__5041ODBN,1,15
DFD_manipulated_sequences/18_06__kitchen_still__XJ76YU5A,18_06__kitchen_still__XJ76YU5A,1,15
DFD_manipulated_sequences/14_03__walk_down_hall_angry__7JPPCV50,14_03__walk_down_hall_angry__7JPPCV50,1,15
DFD_manipulated_sequences/14_13__talking_angry_couch__KMQ3AW6A,14_13__talking_angry_couch__KMQ3AW6A,1,15
DFD_manipulated_sequences/20_21__hugging_happy__ZCB5OMEW,20_21__hugging_happy__ZCB5OMEW,1,15
DFD_manipulated_sequences/21_18__outside_talking_pan_laughing__PQFTWVRQ,21_18__outside_talking_pan_laughing__PQFTWVRQ,1,15
DFD_manipulated_sequences/18_03__walking_outside_cafe_disgusted__UEC1BI8E,18_03__walking_outside_cafe_disgusted__UEC1BI8E,1,15
DFD_manipulated_sequences/21_09__kitchen_pan__Z8H2TRCI,21_09__kitchen_pan__Z8H2TRCI,1,15
DFD_manipulated_sequences/15_12__hugging_happy__N0SRODQD,15_12__hugging_happy__N0SRODQD,1,15
DFD_manipulated_sequences/03_18__walking_outside_cafe_disgusted__22UBC0BS,03_18__walking_outside_cafe_disgusted__22UBC0BS,1,15
DFD_manipulated_sequences/03_07__walking_outside_cafe_disgusted__PWXXULHR,03_07__walking_outside_cafe_disgusted__PWXXULHR,1,15
DFD_manipulated_sequences/16_17__podium_speech_happy__EWJJTZHY,16_17__podium_speech_happy__EWJJTZHY,1,15
DFD_manipulated_sequences/06_02__talking_angry_couch__U6MDWIHG,06_02__talking_angry_couch__U6MDWIHG,1,15
DFD_manipulated_sequences/24_19__outside_talking_pan_laughing__59PN7WZ2,24_19__outside_talking_pan_laughing__59PN7WZ2,1,15
DFD_manipulated_sequences/24_22__walking_down_street_outside_angry__XL557XC6,24_22__walking_down_street_outside_angry__XL557XC6,1,15
DFD_manipulated_sequences/07_14__secret_conversation__P9QFO50U,07_14__secret_conversation__P9QFO50U,1,15
DFD_manipulated_sequences/01_03__talking_angry_couch__JZUXXFRB,01_03__talking_angry_couch__JZUXXFRB,1,15
DFD_manipulated_sequences/06_11__exit_phone_room__C8C4FW99,06_11__exit_phone_room__C8C4FW99,1,15
DFD_manipulated_sequences/23_22__walking_outside_cafe_disgusted__X2ZN5Q31,23_22__walking_outside_cafe_disgusted__X2ZN5Q31,1,15
DFD_manipulated_sequences/02_09__podium_speech_happy__HIH8YA82,02_09__podium_speech_happy__HIH8YA82,1,15
DFD_manipulated_sequences/26_12__outside_talking_still_laughing__LI63E4TS,26_12__outside_talking_still_laughing__LI63E4TS,1,15
DFD_manipulated_sequences/01_27__outside_talking_still_laughing__ZYCZ30C0,01_27__outside_talking_still_laughing__ZYCZ30C0,1,15
DFD_manipulated_sequences/28_08__outside_talking_still_laughing__GQN9WHLD,28_08__outside_talking_still_laughing__GQN9WHLD,1,15
DFD_manipulated_sequences/18_04__exit_phone_room__6J3ZFEJQ,18_04__exit_phone_room__6J3ZFEJQ,1,15
DFD_manipulated_sequences/19_10__outside_talking_pan_laughing__FFXB67PI,19_10__outside_talking_pan_laughing__FFXB67PI,1,15
DFD_manipulated_sequences/02_06__walking_down_street_outside_angry__MKZTXQ2T,02_06__walking_down_street_outside_angry__MKZTXQ2T,1,15
DFD_manipulated_sequences/07_03__kitchen_still__WPT3Z2KN,07_03__kitchen_still__WPT3Z2KN,1,15
DFD_manipulated_sequences/12_04__kitchen_still__B6YJ9IW1,12_04__kitchen_still__B6YJ9IW1,1,15
DFD_manipulated_sequences/10_23__talking_against_wall__W4BDINQ5,10_23__talking_against_wall__W4BDINQ5,1,15
DFD_manipulated_sequences/14_07__exit_phone_room__P9QFO50U,14_07__exit_phone_room__P9QFO50U,1,15
DFD_manipulated_sequences/03_20__talking_angry_couch__9NFWR304,03_20__talking_angry_couch__9NFWR304,1,15
DFD_manipulated_sequences/04_27__podium_speech_happy__2CCI2ND1,04_27__podium_speech_happy__2CCI2ND1,1,15
DFD_manipulated_sequences/18_09__kitchen_pan__3VP8836C,18_09__kitchen_pan__3VP8836C,1,15
DFD_manipulated_sequences/09_20__walk_down_hall_angry__MKEWB4SM,09_20__walk_down_hall_angry__MKEWB4SM,1,15
DFD_manipulated_sequences/03_06__kitchen_still__ZFRX9RKW,03_06__kitchen_still__ZFRX9RKW,1,15
DFD_manipulated_sequences/03_06__meeting_serious__83ABVHC3,03_06__meeting_serious__83ABVHC3,1,15
DFD_manipulated_sequences/12_03__walking_outside_cafe_disgusted__D7G6YJON,12_03__walking_outside_cafe_disgusted__D7G6YJON,1,15
DFD_manipulated_sequences/13_02__podium_speech_happy__2YSYT2N3,13_02__podium_speech_happy__2YSYT2N3,1,15
DFD_manipulated_sequences/15_14__walking_down_street_outside_angry__OMLZILK3,15_14__walking_down_street_outside_angry__OMLZILK3,1,15
DFD_manipulated_sequences/03_07__walking_outside_cafe_disgusted__6PHZRQ4H,03_07__walking_outside_cafe_disgusted__6PHZRQ4H,1,15
DFD_manipulated_sequences/15_03__kitchen_pan__5C1OMK8W,15_03__kitchen_pan__5C1OMK8W,1,15
DFD_manipulated_sequences/14_06__secret_conversation__8U9ULZDT,14_06__secret_conversation__8U9ULZDT,1,15
DFD_manipulated_sequences/14_01__talking_angry_couch__0S0NS5C6,14_01__talking_angry_couch__0S0NS5C6,1,15
DFD_manipulated_sequences/20_18__walking_outside_cafe_disgusted__8BMQOD7S,20_18__walking_outside_cafe_disgusted__8BMQOD7S,1,15
DFD_manipulated_sequences/13_09__podium_speech_happy__TG55WJXX,13_09__podium_speech_happy__TG55WJXX,1,15
DFD_manipulated_sequences/24_22__walking_outside_cafe_disgusted__XL557XC6,24_22__walking_outside_cafe_disgusted__XL557XC6,1,15
DFD_manipulated_sequences/10_22__kitchen_still__1TXK09OY,10_22__kitchen_still__1TXK09OY,1,15
DFD_manipulated_sequences/25_18__outside_talking_pan_laughing__SEGFKFJG,25_18__outside_talking_pan_laughing__SEGFKFJG,1,15
DFD_manipulated_sequences/17_16__podium_speech_happy__EWJJTZHY,17_16__podium_speech_happy__EWJJTZHY,1,15
DFD_manipulated_sequences/01_04__podium_speech_happy__6I623VU9,01_04__podium_speech_happy__6I623VU9,1,15
DFD_manipulated_sequences/14_21__secret_conversation__IRKML4J0,14_21__secret_conversation__IRKML4J0,1,15
DFD_manipulated_sequences/23_24__walking_down_street_outside_angry__YR5OVD4S,23_24__walking_down_street_outside_angry__YR5OVD4S,1,15
DFD_manipulated_sequences/01_11__outside_talking_pan_laughing__9OM3VE0Y,01_11__outside_talking_pan_laughing__9OM3VE0Y,1,15
DFD_manipulated_sequences/03_21__exit_phone_room__V53E3RVB,03_21__exit_phone_room__V53E3RVB,1,15
DFD_manipulated_sequences/01_11__outside_talking_still_laughing__4OJNJLOO,01_11__outside_talking_still_laughing__4OJNJLOO,1,15
DFD_manipulated_sequences/18_06__outside_talking_pan_laughing__DEA1TCLN,18_06__outside_talking_pan_laughing__DEA1TCLN,1,15
DFD_manipulated_sequences/02_27__walking_down_street_outside_angry__3L1MLH3D,02_27__walking_down_street_outside_angry__3L1MLH3D,1,15
DFD_manipulated_sequences/03_07__walking_outside_cafe_disgusted__IFSURI9X,03_07__walking_outside_cafe_disgusted__IFSURI9X,1,15
DFD_manipulated_sequences/01_09__talking_angry_couch__P70H1JB0,01_09__talking_angry_couch__P70H1JB0,1,15
DFD_manipulated_sequences/13_02__secret_conversation__PLNVLO74,13_02__secret_conversation__PLNVLO74,1,15
DFD_manipulated_sequences/15_13__outside_talking_still_laughing__X0EIIJF7,15_13__outside_talking_still_laughing__X0EIIJF7,1,15
DFD_manipulated_sequences/16_05__walking_down_street_outside_angry__BY646B4R,16_05__walking_down_street_outside_angry__BY646B4R,1,15
DFD_manipulated_sequences/18_20__walking_outside_cafe_disgusted__8BMQOD7S,18_20__walking_outside_cafe_disgusted__8BMQOD7S,1,15
DFD_manipulated_sequences/13_12__outside_talking_still_laughing__2TM4IFSF,13_12__outside_talking_still_laughing__2TM4IFSF,1,15
DFD_manipulated_sequences/18_26__podium_speech_happy__C9VUQS9O,18_26__podium_speech_happy__C9VUQS9O,1,15
DFD_manipulated_sequences/19_24__kitchen_pan__NPZW2Z9L,19_24__kitchen_pan__NPZW2Z9L,1,15
DFD_manipulated_sequences/26_14__outside_talking_still_laughing__ILLP29ZH,26_14__outside_talking_still_laughing__ILLP29ZH,1,15
DFD_manipulated_sequences/20_15__secret_conversation__99NHTFBM,20_15__secret_conversation__99NHTFBM,1,15
DFD_manipulated_sequences/11_07__exit_phone_room__PGC20QSY,11_07__exit_phone_room__PGC20QSY,1,15
DFD_manipulated_sequences/06_18__outside_talking_pan_laughing__MVXBDKGB,06_18__outside_talking_pan_laughing__MVXBDKGB,1,15
DFD_manipulated_sequences/21_01__kitchen_pan__03X7CELV,21_01__kitchen_pan__03X7CELV,1,15
DFD_manipulated_sequences/27_02__walking_down_street_outside_angry__78M8S6M6,27_02__walking_down_street_outside_angry__78M8S6M6,1,15
DFD_manipulated_sequences/14_06__podium_speech_happy__8U9ULZDT,14_06__podium_speech_happy__8U9ULZDT,1,15
DFD_manipulated_sequences/18_02__secret_conversation__OXMEEFUQ,18_02__secret_conversation__OXMEEFUQ,1,15
DFD_manipulated_sequences/13_15__outside_talking_pan_laughing__X0EIIJF7,13_15__outside_talking_pan_laughing__X0EIIJF7,1,15
DFD_manipulated_sequences/27_02__kitchen_pan__3L1MLH3D,27_02__kitchen_pan__3L1MLH3D,1,15
DFD_manipulated_sequences/19_23__walking_outside_cafe_disgusted__D1K19NUP,19_23__walking_outside_cafe_disgusted__D1K19NUP,1,15
DFD_manipulated_sequences/11_20__secret_conversation__B2H95QXV,11_20__secret_conversation__B2H95QXV,1,15
DFD_manipulated_sequences/02_01__hugging_happy__YVGY8LOK,02_01__hugging_happy__YVGY8LOK,1,15
DFD_manipulated_sequences/21_04__outside_talking_pan_laughing__HY1VWEJK,21_04__outside_talking_pan_laughing__HY1VWEJK,1,15
DFD_manipulated_sequences/21_06__walking_outside_cafe_disgusted__058I9NIZ,21_06__walking_outside_cafe_disgusted__058I9NIZ,1,15
DFD_manipulated_sequences/09_13__walk_down_hall_angry__BVZGDFD8,09_13__walk_down_hall_angry__BVZGDFD8,1,15
DFD_manipulated_sequences/03_11__walking_down_indoor_hall_disgust__P08VGHTA,03_11__walking_down_indoor_hall_disgust__P08VGHTA,1,15
DFD_manipulated_sequences/25_27__outside_talking_pan_laughing__GNIMW95Z,25_27__outside_talking_pan_laughing__GNIMW95Z,1,15
DFD_manipulated_sequences/12_18__walking_and_outside_surprised__IKH1LBBY,12_18__walking_and_outside_surprised__IKH1LBBY,1,15
DFD_manipulated_sequences/18_09__kitchen_still__3VP8836C,18_09__kitchen_still__3VP8836C,1,15
DFD_manipulated_sequences/04_02__exit_phone_room__SUIZOXAJ,04_02__exit_phone_room__SUIZOXAJ,1,15
DFD_manipulated_sequences/23_19__talking_angry_couch__D1K19NUP,23_19__talking_angry_couch__D1K19NUP,1,15
DFD_manipulated_sequences/12_25__podium_speech_happy__G26LG5N7,12_25__podium_speech_happy__G26LG5N7,1,15
DFD_manipulated_sequences/06_27__walking_outside_cafe_disgusted__S3T7SK9O,06_27__walking_outside_cafe_disgusted__S3T7SK9O,1,15
DFD_manipulated_sequences/01_21__secret_conversation__03X7CELV,01_21__secret_conversation__03X7CELV,1,15
DFD_manipulated_sequences/03_11__talking_against_wall__P08VGHTA,03_11__talking_against_wall__P08VGHTA,1,15
DFD_manipulated_sequences/18_25__walking_down_street_outside_angry__41UL3HO6,18_25__walking_down_street_outside_angry__41UL3HO6,1,15
DFD_manipulated_sequences/23_22__secret_conversation__AKZRL2QD,23_22__secret_conversation__AKZRL2QD,1,15
DFD_manipulated_sequences/25_07__outside_talking_pan_laughing__LZYKF7LK,25_07__outside_talking_pan_laughing__LZYKF7LK,1,15
DFD_manipulated_sequences/12_15__walking_down_street_outside_angry__N0SRODQD,12_15__walking_down_street_outside_angry__N0SRODQD,1,15
DFD_manipulated_sequences/03_20__secret_conversation__61SVZ2J7,03_20__secret_conversation__61SVZ2J7,1,15
DFD_manipulated_sequences/25_27__walking_outside_cafe_disgusted__1KU29EUL,25_27__walking_outside_cafe_disgusted__1KU29EUL,1,15
DFD_manipulated_sequences/19_24__talking_against_wall__0ZFOV5ZE,19_24__talking_against_wall__0ZFOV5ZE,1,15
DFD_manipulated_sequences/20_25__outside_talking_pan_laughing__M86GQTHK,20_25__outside_talking_pan_laughing__M86GQTHK,1,15
DFD_manipulated_sequences/08_28__outside_talking_pan_laughing__8BC35RFU,08_28__outside_talking_pan_laughing__8BC35RFU,1,15
DFD_manipulated_sequences/16_08__podium_speech_happy__8Q7JCS95,16_08__podium_speech_happy__8Q7JCS95,1,15
DFD_manipulated_sequences/07_03__outside_talking_pan_laughing__IFSURI9X,07_03__outside_talking_pan_laughing__IFSURI9X,1,15
DFD_manipulated_sequences/01_20__walk_down_hall_angry__FW94AIMJ,01_20__walk_down_hall_angry__FW94AIMJ,1,15
DFD_manipulated_sequences/14_03__hugging_happy__PLCQJM81,14_03__hugging_happy__PLCQJM81,1,15
DFD_manipulated_sequences/19_23__walking_outside_cafe_disgusted__WHQ1229T,19_23__walking_outside_cafe_disgusted__WHQ1229T,1,15
DFD_manipulated_sequences/23_24__talking_angry_couch__MDSDXSNU,23_24__talking_angry_couch__MDSDXSNU,1,15
DFD_manipulated_sequences/16_17__outside_talking_pan_laughing__S7UMSIQV,16_17__outside_talking_pan_laughing__S7UMSIQV,1,15
DFD_manipulated_sequences/03_18__walking_and_outside_surprised__22UBC0BS,03_18__walking_and_outside_surprised__22UBC0BS,1,15
DFD_manipulated_sequences/07_03__walk_down_hall_angry__IFSURI9X,07_03__walk_down_hall_angry__IFSURI9X,1,15
DFD_manipulated_sequences/24_19__podium_speech_happy__OF8LF68K,24_19__podium_speech_happy__OF8LF68K,1,15
DFD_manipulated_sequences/27_02__exit_phone_room__FV8M8O2C,27_02__exit_phone_room__FV8M8O2C,1,15
DFD_manipulated_sequences/07_15__walking_down_street_outside_angry__NYPO7U50,07_15__walking_down_street_outside_angry__NYPO7U50,1,15
DFD_manipulated_sequences/21_25__podium_speech_happy__NFBISHIN,21_25__podium_speech_happy__NFBISHIN,1,15
DFD_manipulated_sequences/20_25__walking_outside_cafe_disgusted__AMY6M1KL,20_25__walking_outside_cafe_disgusted__AMY6M1KL,1,15
DFD_manipulated_sequences/18_25__podium_speech_happy__SEGFKFJG,18_25__podium_speech_happy__SEGFKFJG,1,15
DFD_manipulated_sequences/02_13__podium_speech_happy__2YSYT2N3,02_13__podium_speech_happy__2YSYT2N3,1,15
DFD_manipulated_sequences/27_06__walk_down_hall_angry__S3T7SK9O,27_06__walk_down_hall_angry__S3T7SK9O,1,15
DFD_manipulated_sequences/08_05__walk_down_hall_angry__PRBCE28Z,08_05__walk_down_hall_angry__PRBCE28Z,1,15
DFD_manipulated_sequences/10_19__outside_talking_still_laughing__O2IKR6YM,10_19__outside_talking_still_laughing__O2IKR6YM,1,15
DFD_manipulated_sequences/13_09__hugging_happy__B41GFUV2,13_09__hugging_happy__B41GFUV2,1,15
DFD_manipulated_sequences/06_18__kitchen_pan__5HNHMK6G,06_18__kitchen_pan__5HNHMK6G,1,15
DFD_manipulated_sequences/28_16__secret_conversation__ZA8XJIE9,28_16__secret_conversation__ZA8XJIE9,1,15
DFD_manipulated_sequences/13_12__walking_down_indoor_hall_disgust__SIA5P4HL,13_12__walking_down_indoor_hall_disgust__SIA5P4HL,1,15
DFD_manipulated_sequences/13_25__hugging_happy__7YMTAF29,13_25__hugging_happy__7YMTAF29,1,15
DFD_manipulated_sequences/25_12__outside_talking_still_laughing__3PS32GAH,25_12__outside_talking_still_laughing__3PS32GAH,1,15
DFD_manipulated_sequences/23_10__walking_down_street_outside_angry__W02WYPCX,23_10__walking_down_street_outside_angry__W02WYPCX,1,15
DFD_manipulated_sequences/03_07__walking_down_indoor_hall_disgust__CDSNLDQ8,03_07__walking_down_indoor_hall_disgust__CDSNLDQ8,1,15
DFD_manipulated_sequences/22_19__walking_outside_cafe_disgusted__VK6BF5NV,22_19__walking_outside_cafe_disgusted__VK6BF5NV,1,15
DFD_manipulated_sequences/13_14__podium_speech_happy__KMQ3AW6A,13_14__podium_speech_happy__KMQ3AW6A,1,15
DFD_manipulated_sequences/13_25__outside_talking_still_laughing__IW9OFVMG,13_25__outside_talking_still_laughing__IW9OFVMG,1,15
DFD_manipulated_sequences/26_14__talking_against_wall__ILLP29ZH,26_14__talking_against_wall__ILLP29ZH,1,15
DFD_manipulated_sequences/19_22__walking_outside_cafe_disgusted__VK6BF5NV,19_22__walking_outside_cafe_disgusted__VK6BF5NV,1,15
DFD_manipulated_sequences/14_03__talking_angry_couch__L0GHYIFS,14_03__talking_angry_couch__L0GHYIFS,1,15
DFD_manipulated_sequences/20_09__hugging_happy__98NUQ3E6,20_09__hugging_happy__98NUQ3E6,1,15
DFD_manipulated_sequences/09_13__podium_speech_happy__30N46VHZ,09_13__podium_speech_happy__30N46VHZ,1,15
DFD_manipulated_sequences/02_09__outside_talking_still_laughing__9TDCEK1Q,02_09__outside_talking_still_laughing__9TDCEK1Q,1,15
DFD_manipulated_sequences/04_13__kitchen_still__00T3UYOR,04_13__kitchen_still__00T3UYOR,1,15
DFD_manipulated_sequences/03_04__talking_angry_couch__T04P6ELC,03_04__talking_angry_couch__T04P6ELC,1,15
DFD_manipulated_sequences/07_09__outside_talking_still_laughing__N9CWME71,07_09__outside_talking_still_laughing__N9CWME71,1,15
DFD_manipulated_sequences/24_19__outside_talking_pan_laughing__LVZNRK9S,24_19__outside_talking_pan_laughing__LVZNRK9S,1,15
DFD_manipulated_sequences/01_21__talking_angry_couch__03X7CELV,01_21__talking_angry_couch__03X7CELV,1,15
DFD_manipulated_sequences/18_03__podium_speech_happy__UEC1BI8E,18_03__podium_speech_happy__UEC1BI8E,1,15
DFD_manipulated_sequences/27_25__walking_outside_cafe_disgusted__1KU29EUL,27_25__walking_outside_cafe_disgusted__1KU29EUL,1,15
DFD_manipulated_sequences/23_22__outside_talking_still_laughing__W9MT3Q5K,23_22__outside_talking_still_laughing__W9MT3Q5K,1,15
DFD_manipulated_sequences/20_25__exit_phone_room__RSCD7KXO,20_25__exit_phone_room__RSCD7KXO,1,15
DFD_manipulated_sequences/03_15__outside_talking_pan_laughing__GZNLO4X9,03_15__outside_talking_pan_laughing__GZNLO4X9,1,15
DFD_manipulated_sequences/05_16__walk_down_hall_angry__U9WZI5LK,05_16__walk_down_hall_angry__U9WZI5LK,1,15
DFD_manipulated_sequences/19_10__walking_down_street_outside_angry__O2IKR6YM,19_10__walking_down_street_outside_angry__O2IKR6YM,1,15
DFD_manipulated_sequences/12_25__podium_speech_happy__3PS32GAH,12_25__podium_speech_happy__3PS32GAH,1,15
DFD_manipulated_sequences/20_25__walking_down_indoor_hall_disgust__M86GQTHK,20_25__walking_down_indoor_hall_disgust__M86GQTHK,1,15
DFD_manipulated_sequences/28_16__podium_speech_happy__6DWLCU6T,28_16__podium_speech_happy__6DWLCU6T,1,15
DFD_manipulated_sequences/21_14__talking_angry_couch__N0WM4GSV,21_14__talking_angry_couch__N0WM4GSV,1,15
DFD_manipulated_sequences/05_08__outside_talking_pan_laughing__FBICSP2C,05_08__outside_talking_pan_laughing__FBICSP2C,1,15
DFD_manipulated_sequences/12_15__secret_conversation__N0SRODQD,12_15__secret_conversation__N0SRODQD,1,6
DFD_manipulated_sequences/20_15__hugging_happy__99NHTFBM,20_15__hugging_happy__99NHTFBM,1,15
DFD_manipulated_sequences/14_03__walking_down_indoor_hall_disgust__KJ221YN0,14_03__walking_down_indoor_hall_disgust__KJ221YN0,1,15
DFD_manipulated_sequences/03_01__walking_and_outside_surprised__JZUXXFRB,03_01__walking_and_outside_surprised__JZUXXFRB,1,15
DFD_manipulated_sequences/04_26__outside_talking_still_laughing__WX836VLY,04_26__outside_talking_still_laughing__WX836VLY,1,15
DFD_manipulated_sequences/07_03__walking_down_street_outside_angry__PWXXULHR,07_03__walking_down_street_outside_angry__PWXXULHR,1,15
DFD_manipulated_sequences/18_27__walking_outside_cafe_disgusted__NYHE8D0J,18_27__walking_outside_cafe_disgusted__NYHE8D0J,1,15
DFD_manipulated_sequences/22_23__walk_down_hall_angry__NUTQ0HJ5,22_23__walk_down_hall_angry__NUTQ0HJ5,1,15
DFD_manipulated_sequences/10_22__podium_speech_happy__EHARPYBT,10_22__podium_speech_happy__EHARPYBT,1,15
DFD_manipulated_sequences/15_07__exit_phone_room__UGGRZJ60,15_07__exit_phone_room__UGGRZJ60,1,15
DFD_manipulated_sequences/15_02__walking_outside_cafe_disgusted__P2FAY3DR,15_02__walking_outside_cafe_disgusted__P2FAY3DR,1,15
DFD_manipulated_sequences/21_09__talking_against_wall__LBQF8ZN1,21_09__talking_against_wall__LBQF8ZN1,1,15
DFD_manipulated_sequences/20_13__talking_against_wall__U3IPYECM,20_13__talking_against_wall__U3IPYECM,1,15
DFD_manipulated_sequences/27_06__talking_against_wall__S3T7SK9O,27_06__talking_against_wall__S3T7SK9O,1,15
DFD_manipulated_sequences/03_11__walking_outside_cafe_disgusted__P08VGHTA,03_11__walking_outside_cafe_disgusted__P08VGHTA,1,15
DFD_manipulated_sequences/13_11__podium_speech_happy__XXKQ4XM0,13_11__podium_speech_happy__XXKQ4XM0,1,15
DFD_manipulated_sequences/03_06__secret_conversation__1IXGY2FK,03_06__secret_conversation__1IXGY2FK,1,15
DFD_manipulated_sequences/11_01__outside_talking_pan_laughing__UQ0BOBNO,11_01__outside_talking_pan_laughing__UQ0BOBNO,1,15
DFD_manipulated_sequences/27_02__talking_angry_couch__FV8M8O2C,27_02__talking_angry_couch__FV8M8O2C,1,15
DFD_manipulated_sequences/14_21__outside_talking_still_laughing__IRKML4J0,14_21__outside_talking_still_laughing__IRKML4J0,1,15
DFD_manipulated_sequences/11_18__secret_conversation__JJ1YREUN,11_18__secret_conversation__JJ1YREUN,1,15
DFD_manipulated_sequences/13_14__walk_down_hall_angry__KMQ3AW6A,13_14__walk_down_hall_angry__KMQ3AW6A,1,15
DFD_manipulated_sequences/02_01__walking_down_indoor_hall_disgust__YVGY8LOK,02_01__walking_down_indoor_hall_disgust__YVGY8LOK,1,15
DFD_manipulated_sequences/26_18__talking_against_wall__UMEX6HWU,26_18__talking_against_wall__UMEX6HWU,1,15
DFD_manipulated_sequences/13_02__outside_talking_pan_laughing__2YSYT2N3,13_02__outside_talking_pan_laughing__2YSYT2N3,1,15
DFD_manipulated_sequences/28_08__kitchen_pan__6HFK6PB4,28_08__kitchen_pan__6HFK6PB4,1,15
DFD_manipulated_sequences/03_07__podium_speech_happy__6PHZRQ4H,03_07__podium_speech_happy__6PHZRQ4H,1,15
DFD_manipulated_sequences/01_15__kitchen_pan__02HILKYO,01_15__kitchen_pan__02HILKYO,1,15
DFD_manipulated_sequences/27_01__talking_against_wall__ZYCZ30C0,27_01__talking_against_wall__ZYCZ30C0,1,15
DFD_manipulated_sequences/03_18__exit_phone_room__32DBR8L4,03_18__exit_phone_room__32DBR8L4,1,15
DFD_manipulated_sequences/03_09__kitchen_pan__8DTEGQ54,03_09__kitchen_pan__8DTEGQ54,1,15
DFD_manipulated_sequences/22_24__talking_against_wall__7E3GY85F,22_24__talking_against_wall__7E3GY85F,1,15
DFD_manipulated_sequences/03_07__talking_against_wall__BKLOCI1M,03_07__talking_against_wall__BKLOCI1M,1,15
DFD_manipulated_sequences/13_20__hugging_happy__C50CSOEX,13_20__hugging_happy__C50CSOEX,1,15
DFD_manipulated_sequences/18_26__secret_conversation__UMEX6HWU,18_26__secret_conversation__UMEX6HWU,1,15
DFD_manipulated_sequences/26_06__walking_down_street_outside_angry__L5BVR5L9,26_06__walking_down_street_outside_angry__L5BVR5L9,1,15
DFD_manipulated_sequences/25_06__outside_talking_still_laughing__3QQBVBYN,25_06__outside_talking_still_laughing__3QQBVBYN,1,15
DFD_manipulated_sequences/07_21__kitchen_still__MKU99DVX,07_21__kitchen_still__MKU99DVX,1,15
DFD_manipulated_sequences/07_12__podium_speech_happy__X9X7FAZG,07_12__podium_speech_happy__X9X7FAZG,1,15
DFD_manipulated_sequences/06_11__hugging_happy__C8C4FW99,06_11__hugging_happy__C8C4FW99,1,15
DFD_manipulated_sequences/05_16__hugging_happy__4MEM6YNQ,05_16__hugging_happy__4MEM6YNQ,1,15
DFD_manipulated_sequences/24_19__walking_outside_cafe_disgusted__NPZW2Z9L,24_19__walking_outside_cafe_disgusted__NPZW2Z9L,1,15
DFD_manipulated_sequences/23_22__talking_against_wall__X2ZN5Q31,23_22__talking_against_wall__X2ZN5Q31,1,15
DFD_manipulated_sequences/15_27__outside_talking_still_laughing__WZ4MLUAV,15_27__outside_talking_still_laughing__WZ4MLUAV,1,15
DFD_manipulated_sequences/11_07__kitchen_still__R7R86Z62,11_07__kitchen_still__R7R86Z62,1,15
DFD_manipulated_sequences/13_15__walking_down_indoor_hall_disgust__X0EIIJF7,13_15__walking_down_indoor_hall_disgust__X0EIIJF7,1,15
DFD_manipulated_sequences/28_05__walking_outside_cafe_disgusted__U9LRLJ6N,28_05__walking_outside_cafe_disgusted__U9LRLJ6N,1,15
DFD_manipulated_sequences/26_18__talking_against_wall__AI94QW74,26_18__talking_against_wall__AI94QW74,1,15
DFD_manipulated_sequences/06_02__talking_angry_couch__J1W9R0NG,06_02__talking_angry_couch__J1W9R0NG,1,15
DFD_manipulated_sequences/20_26__secret_conversation__C8GN41DU,20_26__secret_conversation__C8GN41DU,1,15
DFD_manipulated_sequences/04_26__exit_phone_room__MS2MLJP1,04_26__exit_phone_room__MS2MLJP1,1,15
DFD_manipulated_sequences/25_12__walking_outside_cafe_disgusted__FQE07ND1,25_12__walking_outside_cafe_disgusted__FQE07ND1,1,15
DFD_manipulated_sequences/09_21__kitchen_pan__Z8H2TRCI,09_21__kitchen_pan__Z8H2TRCI,1,15
DFD_manipulated_sequences/13_27__kitchen_still__A1OSUJE9,13_27__kitchen_still__A1OSUJE9,1,15
DFD_manipulated_sequences/02_27__hugging_happy__GVFLSZD5,02_27__hugging_happy__GVFLSZD5,1,15
DFD_manipulated_sequences/23_10__secret_conversation__CU6SNBFZ,23_10__secret_conversation__CU6SNBFZ,1,15
DFD_manipulated_sequences/15_13__walking_outside_cafe_disgusted__X0EIIJF7,15_13__walking_outside_cafe_disgusted__X0EIIJF7,1,15
DFD_manipulated_sequences/02_07__outside_talking_pan_laughing__O4SXNLRL,02_07__outside_talking_pan_laughing__O4SXNLRL,1,15
DFD_manipulated_sequences/02_15__kitchen_still__HTG660F8,02_15__kitchen_still__HTG660F8,1,15
DFD_manipulated_sequences/27_01__hugging_happy__ZYCZ30C0,27_01__hugging_happy__ZYCZ30C0,1,15
DFD_manipulated_sequences/25_21__outside_talking_pan_laughing__2R46UX3R,25_21__outside_talking_pan_laughing__2R46UX3R,1,15
DFD_manipulated_sequences/18_06__secret_conversation__DEA1TCLN,18_06__secret_conversation__DEA1TCLN,1,15
DFD_manipulated_sequences/12_15__talking_angry_couch__N0SRODQD,12_15__talking_angry_couch__N0SRODQD,1,15
DFD_manipulated_sequences/19_24__outside_talking_still_laughing__NPZW2Z9L,19_24__outside_talking_still_laughing__NPZW2Z9L,1,15
DFD_manipulated_sequences/07_03__hugging_happy__WPT3Z2KN,07_03__hugging_happy__WPT3Z2KN,1,15
DFD_manipulated_sequences/03_15__kitchen_pan__5C1OMK8W,03_15__kitchen_pan__5C1OMK8W,1,15
DFD_manipulated_sequences/14_20__kitchen_pan__R7SPX6OK,14_20__kitchen_pan__R7SPX6OK,1,15
DFD_manipulated_sequences/16_08__exit_phone_room__8Q7JCS95,16_08__exit_phone_room__8Q7JCS95,1,15
DFD_manipulated_sequences/04_21__outside_talking_pan_laughing__NRI4PHWP,04_21__outside_talking_pan_laughing__NRI4PHWP,1,15
DFD_manipulated_sequences/21_09__hugging_happy__O9ER29Z6,21_09__hugging_happy__O9ER29Z6,1,15
DFD_manipulated_sequences/24_22__kitchen_pan__XL557XC6,24_22__kitchen_pan__XL557XC6,1,15
DFD_manipulated_sequences/25_26__secret_conversation__GJT740J9,25_26__secret_conversation__GJT740J9,1,15
DFD_manipulated_sequences/15_03__talking_angry_couch__DNUJD8M2,15_03__talking_angry_couch__DNUJD8M2,1,15
DFD_manipulated_sequences/13_25__walking_and_outside_surprised__PBM86HKZ,13_25__walking_and_outside_surprised__PBM86HKZ,1,15
DFD_manipulated_sequences/23_24__kitchen_still__YR5OVD4S,23_24__kitchen_still__YR5OVD4S,1,15
DFD_manipulated_sequences/11_18__kitchen_still__PT4YKO2R,11_18__kitchen_still__PT4YKO2R,1,15
DFD_manipulated_sequences/18_06__kitchen_pan__XJ76YU5A,18_06__kitchen_pan__XJ76YU5A,1,15
DFD_manipulated_sequences/01_02__walking_down_indoor_hall_disgust__YVGY8LOK,01_02__walking_down_indoor_hall_disgust__YVGY8LOK,1,15
DFD_manipulated_sequences/07_21__secret_conversation__MKU99DVX,07_21__secret_conversation__MKU99DVX,1,15
DFD_manipulated_sequences/15_03__outside_talking_still_laughing__Y11NT1YX,15_03__outside_talking_still_laughing__Y11NT1YX,1,15
DFD_manipulated_sequences/02_15__talking_against_wall__HTG660F8,02_15__talking_against_wall__HTG660F8,1,15
DFD_manipulated_sequences/26_18__podium_speech_happy__UMEX6HWU,26_18__podium_speech_happy__UMEX6HWU,1,15
DFD_manipulated_sequences/15_14__talking_against_wall__4SO1CSAM,15_14__talking_against_wall__4SO1CSAM,1,15
DFD_manipulated_sequences/07_14__exit_phone_room__P9QFO50U,07_14__exit_phone_room__P9QFO50U,1,15
DFD_manipulated_sequences/06_07__exit_phone_room__NMGYPBXE,06_07__exit_phone_room__NMGYPBXE,1,15
DFD_manipulated_sequences/10_22__kitchen_still__EHARPYBT,10_22__kitchen_still__EHARPYBT,1,15
DFD_manipulated_sequences/02_07__kitchen_pan__O4SXNLRL,02_07__kitchen_pan__O4SXNLRL,1,15
DFD_manipulated_sequences/14_18__walk_down_hall_angry__A5A1Q467,14_18__walk_down_hall_angry__A5A1Q467,1,15
DFD_manipulated_sequences/09_21__talking_against_wall__PF4WD2KJ,09_21__talking_against_wall__PF4WD2KJ,1,15
DFD_manipulated_sequences/18_14__outside_talking_still_laughing__6SB2BR0A,18_14__outside_talking_still_laughing__6SB2BR0A,1,15
DFD_manipulated_sequences/11_07__kitchen_still__H1YF1M1B,11_07__kitchen_still__H1YF1M1B,1,15
DFD_manipulated_sequences/27_25__hugging_happy__GNIMW95Z,27_25__hugging_happy__GNIMW95Z,1,15
DFD_manipulated_sequences/12_15__walking_down_indoor_hall_disgust__RK17XFJ9,12_15__walking_down_indoor_hall_disgust__RK17XFJ9,1,15
DFD_manipulated_sequences/10_22__outside_talking_pan_laughing__8YQ2EUQP,10_22__outside_talking_pan_laughing__8YQ2EUQP,1,15
DFD_manipulated_sequences/15_12__talking_angry_couch__N0SRODQD,15_12__talking_angry_couch__N0SRODQD,1,15
DFD_manipulated_sequences/09_03__outside_talking_still_laughing__8DTEGQ54,09_03__outside_talking_still_laughing__8DTEGQ54,1,15
DFD_manipulated_sequences/21_14__hugging_happy__N0WM4GSV,21_14__hugging_happy__N0WM4GSV,1,15
DFD_manipulated_sequences/03_07__walking_down_indoor_hall_disgust__PWXXULHR,03_07__walking_down_indoor_hall_disgust__PWXXULHR,1,15
DFD_manipulated_sequences/20_07__walking_and_outside_surprised__9I0WSUJV,20_07__walking_and_outside_surprised__9I0WSUJV,1,15
DFD_manipulated_sequences/07_04__kitchen_still__ITC0C48B,07_04__kitchen_still__ITC0C48B,1,15
DFD_manipulated_sequences/18_03__outside_talking_pan_laughing__22UBC0BS,18_03__outside_talking_pan_laughing__22UBC0BS,1,15
DFD_manipulated_sequences/09_03__talking_angry_couch__RCETIXYL,09_03__talking_angry_couch__RCETIXYL,1,15
DFD_manipulated_sequences/07_09__secret_conversation__N9CWME71,07_09__secret_conversation__N9CWME71,1,15
DFD_manipulated_sequences/06_27__talking_against_wall__S3T7SK9O,06_27__talking_against_wall__S3T7SK9O,1,15
DFD_manipulated_sequences/15_02__exit_phone_room__HTG660F8,15_02__exit_phone_room__HTG660F8,1,15
DFD_manipulated_sequences/06_03__walk_down_hall_angry__1IXGY2FK,06_03__walk_down_hall_angry__1IXGY2FK,1,15
DFD_manipulated_sequences/10_23__walk_down_hall_angry__GYY4VANY,10_23__walk_down_hall_angry__GYY4VANY,1,15
DFD_manipulated_sequences/19_24__podium_speech_happy__OF8LF68K,19_24__podium_speech_happy__OF8LF68K,1,15
DFD_manipulated_sequences/02_06__walking_outside_cafe_disgusted__37DH75GQ,02_06__walking_outside_cafe_disgusted__37DH75GQ,1,15
DFD_manipulated_sequences/01_21__walk_down_hall_angry__03X7CELV,01_21__walk_down_hall_angry__03X7CELV,1,15
DFD_manipulated_sequences/23_22__walking_down_indoor_hall_disgust__TU7RHG0S,23_22__walking_down_indoor_hall_disgust__TU7RHG0S,1,15
DFD_manipulated_sequences/12_25__walk_down_hall_angry__I2X1XTCC,12_25__walk_down_hall_angry__I2X1XTCC,1,15
DFD_manipulated_sequences/04_01__podium_speech_happy__6I623VU9,04_01__podium_speech_happy__6I623VU9,1,15
DFD_manipulated_sequences/20_14__podium_speech_happy__B014BKVO,20_14__podium_speech_happy__B014BKVO,1,15
DFD_manipulated_sequences/25_18__talking_against_wall__SEGFKFJG,25_18__talking_against_wall__SEGFKFJG,1,15
DFD_manipulated_sequences/15_01__talking_angry_couch__02HILKYO,15_01__talking_angry_couch__02HILKYO,1,15
DFD_manipulated_sequences/21_07__walking_down_indoor_hall_disgust__MKU99DVX,21_07__walking_down_indoor_hall_disgust__MKU99DVX,1,15
DFD_manipulated_sequences/11_01__talking_angry_couch__LL4RUKZA,11_01__talking_angry_couch__LL4RUKZA,1,15
DFD_manipulated_sequences/21_11__walk_down_hall_angry__T7DK03O1,21_11__walk_down_hall_angry__T7DK03O1,1,15
DFD_manipulated_sequences/08_05__walk_down_hall_angry__YN1Q9TER,08_05__walk_down_hall_angry__YN1Q9TER,1,15
DFD_manipulated_sequences/20_13__outside_talking_pan_laughing__LXLR1B6N,20_13__outside_talking_pan_laughing__LXLR1B6N,1,15
DFD_manipulated_sequences/26_25__talking_angry_couch__WYZ8NJ7O,26_25__talking_angry_couch__WYZ8NJ7O,1,15
DFD_manipulated_sequences/25_27__talking_against_wall__ZTV6TUQ9,25_27__talking_against_wall__ZTV6TUQ9,1,15
DFD_manipulated_sequences/06_20__podium_speech_happy__6SUW7063,06_20__podium_speech_happy__6SUW7063,1,15
DFD_manipulated_sequences/27_18__talking_against_wall__NYHE8D0J,27_18__talking_against_wall__NYHE8D0J,1,15
DFD_manipulated_sequences/14_21__podium_speech_happy__IRKML4J0,14_21__podium_speech_happy__IRKML4J0,1,15
DFD_manipulated_sequences/03_14__exit_phone_room__0O9TTCJT,03_14__exit_phone_room__0O9TTCJT,1,15
DFD_manipulated_sequences/03_12__walk_down_hall_angry__D7G6YJON,03_12__walk_down_hall_angry__D7G6YJON,1,15
DFD_manipulated_sequences/11_07__kitchen_pan__H1YF1M1B,11_07__kitchen_pan__H1YF1M1B,1,15
DFD_manipulated_sequences/09_07__outside_talking_still_laughing__N9CWME71,09_07__outside_talking_still_laughing__N9CWME71,1,15
DFD_manipulated_sequences/03_14__secret_conversation__0O9TTCJT,03_14__secret_conversation__0O9TTCJT,1,15
DFD_manipulated_sequences/25_09__talking_against_wall__ODAQ7BZL,25_09__talking_against_wall__ODAQ7BZL,1,15
DFD_manipulated_sequences/26_07__walk_down_hall_angry__FGNGC2GT,26_07__walk_down_hall_angry__FGNGC2GT,1,15
DFD_manipulated_sequences/03_21__hugging_happy__TEV3HIHZ,03_21__hugging_happy__TEV3HIHZ,1,15
DFD_manipulated_sequences/19_24__outside_talking_still_laughing__DL7X7M6I,19_24__outside_talking_still_laughing__DL7X7M6I,1,15
DFD_manipulated_sequences/03_07__secret_conversation__IFSURI9X,03_07__secret_conversation__IFSURI9X,1,15
DFD_manipulated_sequences/14_15__kitchen_pan__RF38N10R,14_15__kitchen_pan__RF38N10R,1,15
DFD_manipulated_sequences/07_13__exit_phone_room__RVQCPCJF,07_13__exit_phone_room__RVQCPCJF,1,15
DFD_manipulated_sequences/03_15__walking_outside_cafe_disgusted__Y11NT1YX,03_15__walking_outside_cafe_disgusted__Y11NT1YX,1,15
DFD_manipulated_sequences/23_19__walking_outside_cafe_disgusted__F7U8UY7V,23_19__walking_outside_cafe_disgusted__F7U8UY7V,1,15
DFD_manipulated_sequences/05_17__hugging_happy__C4VHXZFY,05_17__hugging_happy__C4VHXZFY,1,15
DFD_manipulated_sequences/11_13__talking_angry_couch__61T622EK,11_13__talking_angry_couch__61T622EK,1,15
DFD_manipulated_sequences/08_28__kitchen_pan__LVT0XNQG,08_28__kitchen_pan__LVT0XNQG,1,15
DFD_manipulated_sequences/27_02__walking_and_outside_surprised__XFSH3BW7,27_02__walking_and_outside_surprised__XFSH3BW7,1,15
DFD_manipulated_sequences/26_13__talking_against_wall__DZP10XW4,26_13__talking_against_wall__DZP10XW4,1,15
DFD_manipulated_sequences/13_20__talking_against_wall__43KAHOT2,13_20__talking_against_wall__43KAHOT2,1,15
DFD_manipulated_sequences/13_09__outside_talking_still_laughing__YP7MGDQ6,13_09__outside_talking_still_laughing__YP7MGDQ6,1,15
DFD_manipulated_sequences/06_15__kitchen_pan__QRCD27P8,06_15__kitchen_pan__QRCD27P8,1,15
DFD_manipulated_sequences/19_23__kitchen_pan__WHQ1229T,19_23__kitchen_pan__WHQ1229T,1,15
DFD_manipulated_sequences/16_08__hugging_happy__8Q7JCS95,16_08__hugging_happy__8Q7JCS95,1,15
DFD_manipulated_sequences/04_01__podium_speech_happy__GBC7ZGDP,04_01__podium_speech_happy__GBC7ZGDP,1,15
DFD_manipulated_sequences/20_09__outside_talking_pan_laughing__MKEWB4SM,20_09__outside_talking_pan_laughing__MKEWB4SM,1,15
DFD_manipulated_sequences/25_20__outside_talking_still_laughing__M86GQTHK,25_20__outside_talking_still_laughing__M86GQTHK,1,15
DFD_manipulated_sequences/22_10__walking_and_outside_surprised__8YQ2EUQP,22_10__walking_and_outside_surprised__8YQ2EUQP,1,15
DFD_manipulated_sequences/27_01__outside_talking_still_laughing__ZYCZ30C0,27_01__outside_talking_still_laughing__ZYCZ30C0,1,15
DFD_manipulated_sequences/07_15__walk_down_hall_angry__9Z2MLKVX,07_15__walk_down_hall_angry__9Z2MLKVX,1,15
DFD_manipulated_sequences/09_02__podium_speech_happy__9TDCEK1Q,09_02__podium_speech_happy__9TDCEK1Q,1,15
DFD_manipulated_sequences/21_09__kitchen_pan__WBPEX4CU,21_09__kitchen_pan__WBPEX4CU,1,15
DFD_manipulated_sequences/28_08__walking_outside_cafe_disgusted__KXO8S7OP,28_08__walking_outside_cafe_disgusted__KXO8S7OP,1,15
DFD_manipulated_sequences/03_12__kitchen_pan__D7G6YJON,03_12__kitchen_pan__D7G6YJON,1,15
DFD_manipulated_sequences/25_18__walking_down_street_outside_angry__41UL3HO6,25_18__walking_down_street_outside_angry__41UL3HO6,1,15
DFD_manipulated_sequences/03_26__podium_speech_happy__WBSXBL82,03_26__podium_speech_happy__WBSXBL82,1,15
DFD_manipulated_sequences/03_15__exit_phone_room__OY4I7ZU8,03_15__exit_phone_room__OY4I7ZU8,1,15
DFD_manipulated_sequences/20_21__walking_and_outside_surprised__5LWO5ZDA,20_21__walking_and_outside_surprised__5LWO5ZDA,1,15
DFD_manipulated_sequences/14_02__outside_talking_pan_laughing__3IUBEKCT,14_02__outside_talking_pan_laughing__3IUBEKCT,1,15
DFD_manipulated_sequences/15_14__exit_phone_room__RNHLLKSQ,15_14__exit_phone_room__RNHLLKSQ,1,15
DFD_manipulated_sequences/15_18__outside_talking_pan_laughing__V5VHLCOW,15_18__outside_talking_pan_laughing__V5VHLCOW,1,15
DFD_manipulated_sequences/05_16__walk_down_hall_angry__OSXCUOHX,05_16__walk_down_hall_angry__OSXCUOHX,1,15
DFD_manipulated_sequences/20_13__kitchen_still__2994SNXH,20_13__kitchen_still__2994SNXH,1,15
DFD_manipulated_sequences/24_22__talking_angry_couch__7E3GY85F,24_22__talking_angry_couch__7E3GY85F,1,15
DFD_manipulated_sequences/09_03__outside_talking_still_laughing__RCETIXYL,09_03__outside_talking_still_laughing__RCETIXYL,1,15
DFD_manipulated_sequences/14_07__walk_down_hall_angry__P9QFO50U,14_07__walk_down_hall_angry__P9QFO50U,1,15
DFD_manipulated_sequences/11_21__walking_down_street_outside_angry__USLHUQDI,11_21__walking_down_street_outside_angry__USLHUQDI,1,15
DFD_manipulated_sequences/26_09__walk_down_hall_angry__XXGYLT82,26_09__walk_down_hall_angry__XXGYLT82,1,15
DFD_manipulated_sequences/15_13__hugging_happy__X0EIIJF7,15_13__hugging_happy__X0EIIJF7,1,15
DFD_manipulated_sequences/18_06__talking_against_wall__DEA1TCLN,18_06__talking_against_wall__DEA1TCLN,1,15
DFD_manipulated_sequences/11_18__kitchen_still__TRJUIS24,11_18__kitchen_still__TRJUIS24,1,15
DFD_manipulated_sequences/25_06__outside_talking_still_laughing__MI9BDQ7M,25_06__outside_talking_still_laughing__MI9BDQ7M,1,15
DFD_manipulated_sequences/18_25__outside_talking_pan_laughing__AUC0HY5T,18_25__outside_talking_pan_laughing__AUC0HY5T,1,15
DFD_manipulated_sequences/07_11__talking_angry_couch__PGC20QSY,07_11__talking_angry_couch__PGC20QSY,1,15
DFD_manipulated_sequences/07_25__walk_down_hall_angry__PAE9HCA8,07_25__walk_down_hall_angry__PAE9HCA8,1,15
DFD_manipulated_sequences/19_10__talking_angry_couch__BVVPN5D5,19_10__talking_angry_couch__BVVPN5D5,1,15
DFD_manipulated_sequences/11_01__secret_conversation__WIZ7GKOD,11_01__secret_conversation__WIZ7GKOD,1,15
DFD_manipulated_sequences/06_20__outside_talking_pan_laughing__6SUW7063,06_20__outside_talking_pan_laughing__6SUW7063,1,15
DFD_manipulated_sequences/02_15__walking_down_street_outside_angry__MZWH8ATN,02_15__walking_down_street_outside_angry__MZWH8ATN,1,15
DFD_manipulated_sequences/14_02__walking_and_outside_surprised__3IUBEKCT,14_02__walking_and_outside_surprised__3IUBEKCT,1,15
DFD_manipulated_sequences/04_15__talking_against_wall__7NW4Z6WZ,04_15__talking_against_wall__7NW4Z6WZ,1,15
DFD_manipulated_sequences/26_03__talking_against_wall__WBSXBL82,26_03__talking_against_wall__WBSXBL82,1,15
DFD_manipulated_sequences/13_18__kitchen_still__3II4T6H5,13_18__kitchen_still__3II4T6H5,1,15
DFD_manipulated_sequences/03_06__podium_speech_happy__KIWCEATU,03_06__podium_speech_happy__KIWCEATU,1,15
DFD_manipulated_sequences/02_09__outside_talking_pan_laughing__HIH8YA82,02_09__outside_talking_pan_laughing__HIH8YA82,1,15
DFD_manipulated_sequences/27_02__talking_angry_couch__78M8S6M6,27_02__talking_angry_couch__78M8S6M6,1,15
DFD_manipulated_sequences/03_14__walking_and_outside_surprised__P1L5PF4I,03_14__walking_and_outside_surprised__P1L5PF4I,1,15
DFD_manipulated_sequences/15_04__walk_down_hall_angry__7NW4Z6WZ,15_04__walk_down_hall_angry__7NW4Z6WZ,1,15
DFD_manipulated_sequences/23_10__talking_against_wall__W4BDINQ5,23_10__talking_against_wall__W4BDINQ5,1,15
DFD_manipulated_sequences/15_02__outside_talking_still_laughing__P2FAY3DR,15_02__outside_talking_still_laughing__P2FAY3DR,1,15
DFD_manipulated_sequences/18_11__outside_talking_pan_laughing__TRJUIS24,18_11__outside_talking_pan_laughing__TRJUIS24,1,15
DFD_manipulated_sequences/07_13__walking_down_street_outside_angry__RVQCPCJF,07_13__walking_down_street_outside_angry__RVQCPCJF,1,15
DFD_manipulated_sequences/28_08__podium_speech_happy__KXO8S7OP,28_08__podium_speech_happy__KXO8S7OP,1,15
DFD_manipulated_sequences/03_13__kitchen_pan__GBYWJW06,03_13__kitchen_pan__GBYWJW06,1,15
DFD_manipulated_sequences/03_18__walking_down_street_outside_angry__22UBC0BS,03_18__walking_down_street_outside_angry__22UBC0BS,1,15
DFD_manipulated_sequences/21_06__walking_down_indoor_hall_disgust__058I9NIZ,21_06__walking_down_indoor_hall_disgust__058I9NIZ,1,15
DFD_manipulated_sequences/20_26__outside_talking_pan_laughing__KGFLR0PH,20_26__outside_talking_pan_laughing__KGFLR0PH,1,15
DFD_manipulated_sequences/21_03__walk_down_hall_angry__TEV3HIHZ,21_03__walk_down_hall_angry__TEV3HIHZ,1,15
DFD_manipulated_sequences/26_11__walk_down_hall_angry__7C0VKV43,26_11__walk_down_hall_angry__7C0VKV43,1,15
DFD_manipulated_sequences/02_09__outside_talking_pan_laughing__6KUOFMZW,02_09__outside_talking_pan_laughing__6KUOFMZW,1,15
DFD_manipulated_sequences/04_27__walking_outside_cafe_disgusted__2CCI2ND1,04_27__walking_outside_cafe_disgusted__2CCI2ND1,1,15
DFD_manipulated_sequences/06_03__talking_against_wall__4I8LRXWF,06_03__talking_against_wall__4I8LRXWF,1,15
DFD_manipulated_sequences/01_04__talking_angry_couch__0XUW13RW,01_04__talking_angry_couch__0XUW13RW,1,15
DFD_manipulated_sequences/07_12__podium_speech_happy__KAG65PEE,07_12__podium_speech_happy__KAG65PEE,1,15
DFD_manipulated_sequences/04_07__kitchen_still__M2NBCLFR,04_07__kitchen_still__M2NBCLFR,1,15
DFD_manipulated_sequences/07_15__walk_down_hall_angry__NYPO7U50,07_15__walk_down_hall_angry__NYPO7U50,1,15
DFD_manipulated_sequences/15_20__kitchen_pan__99NHTFBM,15_20__kitchen_pan__99NHTFBM,1,15
DFD_manipulated_sequences/28_08__walking_outside_cafe_disgusted__6HFK6PB4,28_08__walking_outside_cafe_disgusted__6HFK6PB4,1,15
DFD_manipulated_sequences/21_11__walk_down_hall_angry__USLHUQDI,21_11__walk_down_hall_angry__USLHUQDI,1,15
DFD_manipulated_sequences/05_16__exit_phone_room__B62WCGUN,05_16__exit_phone_room__B62WCGUN,1,15
DFD_manipulated_sequences/04_07__kitchen_pan__XRK7FGZX,04_07__kitchen_pan__XRK7FGZX,1,15
DFD_manipulated_sequences/06_14__walking_down_indoor_hall_disgust__8U9ULZDT,06_14__walking_down_indoor_hall_disgust__8U9ULZDT,1,15
DFD_manipulated_sequences/14_07__secret_conversation__P9QFO50U,14_07__secret_conversation__P9QFO50U,1,15
DFD_manipulated_sequences/14_13__hugging_happy__KMQ3AW6A,14_13__hugging_happy__KMQ3AW6A,1,15
DFD_manipulated_sequences/23_10__walk_down_hall_angry__ZHJO34DY,23_10__walk_down_hall_angry__ZHJO34DY,1,15
DFD_manipulated_sequences/27_02__meeting_serious__QW05XUUZ,27_02__meeting_serious__QW05XUUZ,1,15
DFD_manipulated_sequences/13_02__walking_down_street_outside_angry__0RKOCC6A,13_02__walking_down_street_outside_angry__0RKOCC6A,1,15
DFD_manipulated_sequences/02_15__walking_and_outside_surprised__HTG660F8,02_15__walking_and_outside_surprised__HTG660F8,1,15
DFD_manipulated_sequences/21_03__outside_talking_still_laughing__V53E3RVB,21_03__outside_talking_still_laughing__V53E3RVB,1,15
DFD_manipulated_sequences/27_09__talking_against_wall__RC9KATOO,27_09__talking_against_wall__RC9KATOO,1,15
DFD_manipulated_sequences/07_12__outside_talking_still_laughing__0VN0A2T3,07_12__outside_talking_still_laughing__0VN0A2T3,1,15
DFD_manipulated_sequences/14_20__podium_speech_happy__R7SPX6OK,14_20__podium_speech_happy__R7SPX6OK,1,15
DFD_manipulated_sequences/20_15__outside_talking_still_laughing__99NHTFBM,20_15__outside_talking_still_laughing__99NHTFBM,1,15
DFD_manipulated_sequences/25_20__talking_against_wall__ZG0SRZOA,25_20__talking_against_wall__ZG0SRZOA,1,15
DFD_manipulated_sequences/25_27__walking_down_street_outside_angry__1KU29EUL,25_27__walking_down_street_outside_angry__1KU29EUL,1,15
DFD_manipulated_sequences/01_14__kitchen_still__01YF7VQM,01_14__kitchen_still__01YF7VQM,1,15
DFD_manipulated_sequences/20_01__walking_and_outside_surprised__OTGHOG4Z,20_01__walking_and_outside_surprised__OTGHOG4Z,1,15
DFD_manipulated_sequences/20_06__walk_down_hall_angry__6SUW7063,20_06__walk_down_hall_angry__6SUW7063,1,15
DFD_manipulated_sequences/08_05__exit_phone_room__UNN7ZGKO,08_05__exit_phone_room__UNN7ZGKO,1,15
DFD_manipulated_sequences/03_07__outside_talking_pan_laughing__IFSURI9X,03_07__outside_talking_pan_laughing__IFSURI9X,1,15
DFD_manipulated_sequences/02_15__secret_conversation__N864L40U,02_15__secret_conversation__N864L40U,1,15
DFD_manipulated_sequences/06_03__kitchen_pan__2XWC5JED,06_03__kitchen_pan__2XWC5JED,1,15
DFD_manipulated_sequences/18_03__walking_outside_cafe_disgusted__22UBC0BS,18_03__walking_outside_cafe_disgusted__22UBC0BS,1,15
DFD_manipulated_sequences/15_21__outside_talking_pan_laughing__87WSBJP3,15_21__outside_talking_pan_laughing__87WSBJP3,1,15
DFD_manipulated_sequences/13_09__walk_down_hall_angry__6K90KFOQ,13_09__walk_down_hall_angry__6K90KFOQ,1,15
DFD_manipulated_sequences/06_15__hugging_happy__QRCD27P8,06_15__hugging_happy__QRCD27P8,1,15
DFD_manipulated_sequences/27_02__talking_angry_couch__GVFLSZD5,27_02__talking_angry_couch__GVFLSZD5,1,15
DFD_manipulated_sequences/26_06__walk_down_hall_angry__L5BVR5L9,26_06__walk_down_hall_angry__L5BVR5L9,1,15
DFD_manipulated_sequences/02_13__hugging_happy__PLNVLO74,02_13__hugging_happy__PLNVLO74,1,15
DFD_manipulated_sequences/19_24__secret_conversation__NPZW2Z9L,19_24__secret_conversation__NPZW2Z9L,1,15
DFD_manipulated_sequences/12_06__outside_talking_still_laughing__3K21NFNM,12_06__outside_talking_still_laughing__3K21NFNM,1,15
DFD_manipulated_sequences/27_02__outside_talking_pan_laughing__QW05XUUZ,27_02__outside_talking_pan_laughing__QW05XUUZ,1,15
DFD_manipulated_sequences/07_26__kitchen_still__FGNGC2GT,07_26__kitchen_still__FGNGC2GT,1,15
DFD_manipulated_sequences/12_26__walking_outside_cafe_disgusted__OTKIGGFE,12_26__walking_outside_cafe_disgusted__OTKIGGFE,1,15
DFD_manipulated_sequences/22_10__outside_talking_pan_laughing__PUJR4HJ1,22_10__outside_talking_pan_laughing__PUJR4HJ1,1,15
DFD_manipulated_sequences/04_01__talking_angry_couch__0XUW13RW,04_01__talking_angry_couch__0XUW13RW,1,15
DFD_manipulated_sequences/28_08__exit_phone_room__KXO8S7OP,28_08__exit_phone_room__KXO8S7OP,1,15
DFD_manipulated_sequences/26_20__kitchen_pan__XWMKFMF6,26_20__kitchen_pan__XWMKFMF6,1,15
DFD_manipulated_sequences/20_15__walking_outside_cafe_disgusted__99NHTFBM,20_15__walking_outside_cafe_disgusted__99NHTFBM,1,15
DFD_manipulated_sequences/22_24__kitchen_pan__XL557XC6,22_24__kitchen_pan__XL557XC6,1,15
DFD_manipulated_sequences/09_25__talking_angry_couch__5041ODBN,09_25__talking_angry_couch__5041ODBN,1,15
DFD_manipulated_sequences/01_20__meeting_serious__FW94AIMJ,01_20__meeting_serious__FW94AIMJ,1,15
DFD_manipulated_sequences/15_07__walking_down_indoor_hall_disgust__NYPO7U50,15_07__walking_down_indoor_hall_disgust__NYPO7U50,1,15
DFD_manipulated_sequences/01_15__outside_talking_still_laughing__02HILKYO,01_15__outside_talking_still_laughing__02HILKYO,1,15
DFD_manipulated_sequences/20_03__walk_down_hall_angry__61SVZ2J7,20_03__walk_down_hall_angry__61SVZ2J7,1,15
DFD_manipulated_sequences/06_18__outside_talking_pan_laughing__DEA1TCLN,06_18__outside_talking_pan_laughing__DEA1TCLN,1,15
DFD_manipulated_sequences/06_03__kitchen_pan__KIWCEATU,06_03__kitchen_pan__KIWCEATU,1,15
DFD_manipulated_sequences/20_06__podium_speech_happy__6SUW7063,20_06__podium_speech_happy__6SUW7063,1,15
DFD_manipulated_sequences/18_14__secret_conversation__A5A1Q467,18_14__secret_conversation__A5A1Q467,1,15
DFD_manipulated_sequences/07_02__hugging_happy__1JCLEEBQ,07_02__hugging_happy__1JCLEEBQ,1,15
DFD_manipulated_sequences/02_09__kitchen_pan__HIH8YA82,02_09__kitchen_pan__HIH8YA82,1,15
DFD_manipulated_sequences/01_03__outside_talking_pan_laughing__ISF9SP4G,01_03__outside_talking_pan_laughing__ISF9SP4G,1,15
DFD_manipulated_sequences/24_22__walking_down_street_outside_angry__7E3GY85F,24_22__walking_down_street_outside_angry__7E3GY85F,1,15
DFD_manipulated_sequences/27_13__talking_against_wall__A1OSUJE9,27_13__talking_against_wall__A1OSUJE9,1,15
DFD_manipulated_sequences/07_11__hugging_happy__R7R86Z62,07_11__hugging_happy__R7R86Z62,1,15
DFD_manipulated_sequences/07_21__kitchen_still__K7KXUHMU,07_21__kitchen_still__K7KXUHMU,1,15
DFD_manipulated_sequences/20_01__walk_down_hall_angry__FW94AIMJ,20_01__walk_down_hall_angry__FW94AIMJ,1,15
DFD_manipulated_sequences/10_23__outside_talking_pan_laughing__ZHJO34DY,10_23__outside_talking_pan_laughing__ZHJO34DY,1,15
DFD_manipulated_sequences/01_20__kitchen_pan__6UBMLXK3,01_20__kitchen_pan__6UBMLXK3,1,15
DFD_manipulated_sequences/15_20__hugging_happy__99NHTFBM,15_20__hugging_happy__99NHTFBM,1,15
DFD_manipulated_sequences/17_08__outside_talking_still_laughing__PBVFRHF5,17_08__outside_talking_still_laughing__PBVFRHF5,1,15
DFD_manipulated_sequences/13_09__outside_talking_still_laughing__30N46VHZ,13_09__outside_talking_still_laughing__30N46VHZ,1,15
DFD_manipulated_sequences/21_09__walking_outside_cafe_disgusted__J7SQKGUR,21_09__walking_outside_cafe_disgusted__J7SQKGUR,1,15
DFD_manipulated_sequences/07_26__podium_speech_happy__FGNGC2GT,07_26__podium_speech_happy__FGNGC2GT,1,15
DFD_manipulated_sequences/06_15__exit_phone_room__QRCD27P8,06_15__exit_phone_room__QRCD27P8,1,15
DFD_manipulated_sequences/15_02__outside_talking_still_laughing__MCRFMYAE,15_02__outside_talking_still_laughing__MCRFMYAE,1,15
DFD_manipulated_sequences/01_09__walk_down_hall_angry__P70H1JB0,01_09__walk_down_hall_angry__P70H1JB0,1,15
DFD_manipulated_sequences/18_06__walking_down_street_outside_angry__MVXBDKGB,18_06__walking_down_street_outside_angry__MVXBDKGB,1,15
DFD_manipulated_sequences/26_18__secret_conversation__UMEX6HWU,26_18__secret_conversation__UMEX6HWU,1,15
DFD_manipulated_sequences/07_21__walking_down_street_outside_angry__K7KXUHMU,07_21__walking_down_street_outside_angry__K7KXUHMU,1,15
DFD_manipulated_sequences/20_25__walk_down_hall_angry__NPM0ENKD,20_25__walk_down_hall_angry__NPM0ENKD,1,15
DFD_manipulated_sequences/18_11__secret_conversation__PT4YKO2R,18_11__secret_conversation__PT4YKO2R,1,15
DFD_manipulated_sequences/26_13__outside_talking_still_laughing__1ZRIYSSU,26_13__outside_talking_still_laughing__1ZRIYSSU,1,15
DFD_manipulated_sequences/02_21__talking_angry_couch__Z0XHPQAR,02_21__talking_angry_couch__Z0XHPQAR,1,15
DFD_manipulated_sequences/03_06__podium_speech_happy__2XWC5JED,03_06__podium_speech_happy__2XWC5JED,1,15
DFD_manipulated_sequences/27_15__outside_talking_pan_laughing__WZ4MLUAV,27_15__outside_talking_pan_laughing__WZ4MLUAV,1,15
DFD_manipulated_sequences/10_19__kitchen_still__IDX76N5R,10_19__kitchen_still__IDX76N5R,1,15
DFD_manipulated_sequences/25_12__walking_outside_cafe_disgusted__3PS32GAH,25_12__walking_outside_cafe_disgusted__3PS32GAH,1,15
DFD_manipulated_sequences/12_15__secret_conversation__RK17XFJ9,12_15__secret_conversation__RK17XFJ9,1,15
DFD_manipulated_sequences/03_15__kitchen_still__AIOM1U5V,03_15__kitchen_still__AIOM1U5V,1,15
DFD_manipulated_sequences/06_25__walking_and_outside_surprised__3QQBVBYN,06_25__walking_and_outside_surprised__3QQBVBYN,1,15
DFD_manipulated_sequences/06_12__outside_talking_pan_laughing__0VR4Y891,06_12__outside_talking_pan_laughing__0VR4Y891,1,15
DFD_manipulated_sequences/12_06__outside_talking_pan_laughing__0VR4Y891,12_06__outside_talking_pan_laughing__0VR4Y891,1,15
DFD_manipulated_sequences/01_20__meeting_serious__D8GWGO2A,01_20__meeting_serious__D8GWGO2A,1,15
DFD_manipulated_sequences/02_07__podium_speech_happy__0IYV5DQ5,02_07__podium_speech_happy__0IYV5DQ5,1,15
DFD_manipulated_sequences/02_15__outside_talking_pan_laughing__TN2CWM3K,02_15__outside_talking_pan_laughing__TN2CWM3K,1,15
DFD_manipulated_sequences/25_26__podium_speech_happy__0UFFR3U1,25_26__podium_speech_happy__0UFFR3U1,1,15
DFD_manipulated_sequences/13_26__walking_down_street_outside_angry__CJALTDKT,13_26__walking_down_street_outside_angry__CJALTDKT,1,15
DFD_manipulated_sequences/18_02__walk_down_hall_angry__B95S4G6F,18_02__walk_down_hall_angry__B95S4G6F,1,15
DFD_manipulated_sequences/02_13__outside_talking_pan_laughing__2YSYT2N3,02_13__outside_talking_pan_laughing__2YSYT2N3,1,15
DFD_manipulated_sequences/07_09__kitchen_pan__N9CWME71,07_09__kitchen_pan__N9CWME71,1,15
DFD_manipulated_sequences/13_12__secret_conversation__6G44TDN4,13_12__secret_conversation__6G44TDN4,1,15
DFD_manipulated_sequences/26_25__talking_angry_couch__XKQAYTLI,26_25__talking_angry_couch__XKQAYTLI,1,15
DFD_manipulated_sequences/02_09__hugging_happy__HIH8YA82,02_09__hugging_happy__HIH8YA82,1,15
DFD_manipulated_sequences/21_14__exit_phone_room__IRKML4J0,21_14__exit_phone_room__IRKML4J0,1,15
DFD_manipulated_sequences/08_17__exit_phone_room__CFIY1YEQ,08_17__exit_phone_room__CFIY1YEQ,1,15
DFD_manipulated_sequences/23_22__kitchen_still__10R2HRAU,23_22__kitchen_still__10R2HRAU,1,15
DFD_manipulated_sequences/22_24__walking_and_outside_surprised__XL557XC6,22_24__walking_and_outside_surprised__XL557XC6,1,15
DFD_manipulated_sequences/25_20__exit_phone_room__FZHCQNKV,25_20__exit_phone_room__FZHCQNKV,1,15
DFD_manipulated_sequences/05_16__walking_outside_cafe_disgusted__94435UY3,05_16__walking_outside_cafe_disgusted__94435UY3,1,15
DFD_manipulated_sequences/04_18__talking_angry_couch__6J3ZFEJQ,04_18__talking_angry_couch__6J3ZFEJQ,1,15
DFD_manipulated_sequences/04_15__secret_conversation__46TJ9IOJ,04_15__secret_conversation__46TJ9IOJ,1,15
DFD_manipulated_sequences/18_03__walk_down_hall_angry__N72YE748,18_03__walk_down_hall_angry__N72YE748,1,15
DFD_manipulated_sequences/20_13__walk_down_hall_angry__HQHYKNGK,20_13__walk_down_hall_angry__HQHYKNGK,1,15
DFD_manipulated_sequences/26_14__secret_conversation__ILLP29ZH,26_14__secret_conversation__ILLP29ZH,1,15
DFD_manipulated_sequences/21_09__exit_phone_room__JEELOMN2,21_09__exit_phone_room__JEELOMN2,1,15
DFD_manipulated_sequences/07_14__podium_speech_happy__VOX29AK0,07_14__podium_speech_happy__VOX29AK0,1,15
DFD_manipulated_sequences/22_10__walking_down_street_outside_angry__8YQ2EUQP,22_10__walking_down_street_outside_angry__8YQ2EUQP,1,15
DFD_manipulated_sequences/12_26__walking_outside_cafe_disgusted__OVOQACG8,12_26__walking_outside_cafe_disgusted__OVOQACG8,1,15
DFD_manipulated_sequences/26_12__walk_down_hall_angry__BFBNM8FR,26_12__walk_down_hall_angry__BFBNM8FR,1,15
DFD_manipulated_sequences/01_26__exit_phone_room__BTVMWLG6,01_26__exit_phone_room__BTVMWLG6,1,15
DFD_manipulated_sequences/02_03__walking_outside_cafe_disgusted__GYX5OFTD,02_03__walking_outside_cafe_disgusted__GYX5OFTD,1,15
DFD_manipulated_sequences/07_03__talking_angry_couch__WPT3Z2KN,07_03__talking_angry_couch__WPT3Z2KN,1,15
DFD_manipulated_sequences/04_06__walking_outside_cafe_disgusted__ZK95PQDE,04_06__walking_outside_cafe_disgusted__ZK95PQDE,1,15
DFD_manipulated_sequences/14_18__exit_phone_room__0YRBHIKG,14_18__exit_phone_room__0YRBHIKG,1,15
DFD_manipulated_sequences/03_14__walking_outside_cafe_disgusted__ZC2KYASW,03_14__walking_outside_cafe_disgusted__ZC2KYASW,1,15
DFD_manipulated_sequences/07_14__outside_talking_still_laughing__P9QFO50U,07_14__outside_talking_still_laughing__P9QFO50U,1,15
DFD_manipulated_sequences/04_07__podium_speech_happy__XRK7FGZX,04_07__podium_speech_happy__XRK7FGZX,1,15
DFD_manipulated_sequences/04_01__walk_down_hall_angry__GBC7ZGDP,04_01__walk_down_hall_angry__GBC7ZGDP,1,15
DFD_manipulated_sequences/14_18__walking_down_indoor_hall_disgust__0YRBHIKG,14_18__walking_down_indoor_hall_disgust__0YRBHIKG,1,15
DFD_manipulated_sequences/07_21__talking_against_wall__MKU99DVX,07_21__talking_against_wall__MKU99DVX,1,15
DFD_manipulated_sequences/24_19__walk_down_hall_angry__OF8LF68K,24_19__walk_down_hall_angry__OF8LF68K,1,15
DFD_manipulated_sequences/13_11__talking_angry_couch__61T622EK,13_11__talking_angry_couch__61T622EK,1,15
DFD_manipulated_sequences/09_26__kitchen_pan__C3K20JOL,09_26__kitchen_pan__C3K20JOL,1,15
DFD_manipulated_sequences/03_07__walking_outside_cafe_disgusted__CDSNLDQ8,03_07__walking_outside_cafe_disgusted__CDSNLDQ8,1,15
DFD_manipulated_sequences/03_18__walking_down_indoor_hall_disgust__UEC1BI8E,03_18__walking_down_indoor_hall_disgust__UEC1BI8E,1,15
DFD_manipulated_sequences/10_19__exit_phone_room__BVVPN5D5,10_19__exit_phone_room__BVVPN5D5,1,15
DFD_manipulated_sequences/16_05__exit_phone_room__4MEM6YNQ,16_05__exit_phone_room__4MEM6YNQ,1,15
DFD_manipulated_sequences/25_02__walking_outside_cafe_disgusted__Z7FQ69VP,25_02__walking_outside_cafe_disgusted__Z7FQ69VP,1,15
DFD_manipulated_sequences/01_11__meeting_serious__FAFWDR4W,01_11__meeting_serious__FAFWDR4W,1,15
DFD_manipulated_sequences/15_02__hugging_happy__HTG660F8,15_02__hugging_happy__HTG660F8,1,15
DFD_manipulated_sequences/15_03__talking_against_wall__Q14RO7M7,15_03__talking_against_wall__Q14RO7M7,1,15
DFD_manipulated_sequences/05_16__kitchen_pan__94435UY3,05_16__kitchen_pan__94435UY3,1,15
DFD_manipulated_sequences/12_13__walk_down_hall_angry__N8IGC93J,12_13__walk_down_hall_angry__N8IGC93J,1,15
DFD_manipulated_sequences/24_19__outside_talking_pan_laughing__W1DEM0XM,24_19__outside_talking_pan_laughing__W1DEM0XM,1,15
DFD_manipulated_sequences/15_02__exit_phone_room__MZWH8ATN,15_02__exit_phone_room__MZWH8ATN,1,15
DFD_manipulated_sequences/10_19__walking_outside_cafe_disgusted__BVVPN5D5,10_19__walking_outside_cafe_disgusted__BVVPN5D5,1,15
DFD_manipulated_sequences/10_23__exit_phone_room__W4BDINQ5,10_23__exit_phone_room__W4BDINQ5,1,15
DFD_manipulated_sequences/02_27__outside_talking_still_laughing__FV8M8O2C,02_27__outside_talking_still_laughing__FV8M8O2C,1,15
DFD_manipulated_sequences/14_03__walking_down_street_outside_angry__L0GHYIFS,14_03__walking_down_street_outside_angry__L0GHYIFS,1,15
DFD_manipulated_sequences/14_15__walking_and_outside_surprised__OMLZILK3,14_15__walking_and_outside_surprised__OMLZILK3,1,15
DFD_manipulated_sequences/27_18__outside_talking_still_laughing__NYHE8D0J,27_18__outside_talking_still_laughing__NYHE8D0J,1,15
DFD_manipulated_sequences/11_06__exit_phone_room__C8C4FW99,11_06__exit_phone_room__C8C4FW99,1,15
DFD_manipulated_sequences/15_02__walking_down_indoor_hall_disgust__HTG660F8,15_02__walking_down_indoor_hall_disgust__HTG660F8,1,15
DFD_manipulated_sequences/11_21__secret_conversation__1EAA3MPV,11_21__secret_conversation__1EAA3MPV,1,15
DFD_manipulated_sequences/12_18__outside_talking_still_laughing__IKH1LBBY,12_18__outside_talking_still_laughing__IKH1LBBY,1,15
DFD_manipulated_sequences/09_14__kitchen_pan__FRY0IZ4R,09_14__kitchen_pan__FRY0IZ4R,1,15
DFD_manipulated_sequences/03_07__hugging_happy__WPT3Z2KN,03_07__hugging_happy__WPT3Z2KN,1,15
DFD_manipulated_sequences/03_15__outside_talking_pan_laughing__AIOM1U5V,03_15__outside_talking_pan_laughing__AIOM1U5V,1,15
DFD_manipulated_sequences/12_25__walking_outside_cafe_disgusted__G26LG5N7,12_25__walking_outside_cafe_disgusted__G26LG5N7,1,15
DFD_manipulated_sequences/14_20__walk_down_hall_angry__R7SPX6OK,14_20__walk_down_hall_angry__R7SPX6OK,1,15
DFD_manipulated_sequences/08_17__walk_down_hall_angry__QOX5NWIJ,08_17__walk_down_hall_angry__QOX5NWIJ,1,15
DFD_manipulated_sequences/05_16__walking_outside_cafe_disgusted__O56DDU3S,05_16__walking_outside_cafe_disgusted__O56DDU3S,1,15
DFD_manipulated_sequences/03_12__outside_talking_still_laughing__D7G6YJON,03_12__outside_talking_still_laughing__D7G6YJON,1,15
DFD_manipulated_sequences/04_21__talking_against_wall__NRI4PHWP,04_21__talking_against_wall__NRI4PHWP,1,15
DFD_manipulated_sequences/14_02__secret_conversation__3IUBEKCT,14_02__secret_conversation__3IUBEKCT,1,15
DFD_manipulated_sequences/02_27__hugging_happy__6GC9HY9J,02_27__hugging_happy__6GC9HY9J,1,15
DFD_manipulated_sequences/04_11__walking_outside_cafe_disgusted__8FD8U22M,04_11__walking_outside_cafe_disgusted__8FD8U22M,1,15
DFD_manipulated_sequences/15_03__walking_outside_cafe_disgusted__GZNLO4X9,15_03__walking_outside_cafe_disgusted__GZNLO4X9,1,15
DFD_manipulated_sequences/26_12__exit_phone_room__HEKDCIHW,26_12__exit_phone_room__HEKDCIHW,1,15
DFD_manipulated_sequences/13_02__kitchen_pan__2YSYT2N3,13_02__kitchen_pan__2YSYT2N3,1,15
DFD_manipulated_sequences/27_06__walking_down_street_outside_angry__S3T7SK9O,27_06__walking_down_street_outside_angry__S3T7SK9O,1,15
DFD_manipulated_sequences/14_03__exit_phone_room__0O9TTCJT,14_03__exit_phone_room__0O9TTCJT,1,15
DFD_manipulated_sequences/23_22__exit_phone_room__10R2HRAU,23_22__exit_phone_room__10R2HRAU,1,15
DFD_manipulated_sequences/14_18__walking_and_outside_surprised__0YRBHIKG,14_18__walking_and_outside_surprised__0YRBHIKG,1,15
DFD_manipulated_sequences/03_02__walking_and_outside_surprised__GYX5OFTD,03_02__walking_and_outside_surprised__GYX5OFTD,1,15
DFD_manipulated_sequences/10_22__outside_talking_pan_laughing__G48B2EQ2,10_22__outside_talking_pan_laughing__G48B2EQ2,1,15
DFD_manipulated_sequences/15_02__podium_speech_happy__MZWH8ATN,15_02__podium_speech_happy__MZWH8ATN,1,15
DFD_manipulated_sequences/02_13__walking_outside_cafe_disgusted__CP5HFV3K,02_13__walking_outside_cafe_disgusted__CP5HFV3K,1,15
DFD_manipulated_sequences/05_16__walking_down_street_outside_angry__OSXCUOHX,05_16__walking_down_street_outside_angry__OSXCUOHX,1,15
DFD_manipulated_sequences/08_17__podium_speech_happy__QOX5NWIJ,08_17__podium_speech_happy__QOX5NWIJ,1,15
DFD_manipulated_sequences/19_10__kitchen_still__IDX76N5R,19_10__kitchen_still__IDX76N5R,1,15
DFD_manipulated_sequences/12_13__talking_angry_couch__WCPCP2TD,12_13__talking_angry_couch__WCPCP2TD,1,15
DFD_manipulated_sequences/13_14__talking_against_wall__KMQ3AW6A,13_14__talking_against_wall__KMQ3AW6A,1,15
DFD_manipulated_sequences/04_18__kitchen_pan__6J3ZFEJQ,04_18__kitchen_pan__6J3ZFEJQ,1,15
DFD_manipulated_sequences/02_13__talking_angry_couch__AROBAY8R,02_13__talking_angry_couch__AROBAY8R,1,15
DFD_manipulated_sequences/12_06__walking_down_indoor_hall_disgust__3K21NFNM,12_06__walking_down_indoor_hall_disgust__3K21NFNM,1,15
DFD_manipulated_sequences/13_12__secret_conversation__DJ7MF331,13_12__secret_conversation__DJ7MF331,1,15
DFD_manipulated_sequences/06_18__walking_down_indoor_hall_disgust__DEA1TCLN,06_18__walking_down_indoor_hall_disgust__DEA1TCLN,1,15
DFD_manipulated_sequences/21_15__walking_down_indoor_hall_disgust__87WSBJP3,21_15__walking_down_indoor_hall_disgust__87WSBJP3,1,15
DFD_manipulated_sequences/09_01__outside_talking_still_laughing__SJZRV69J,09_01__outside_talking_still_laughing__SJZRV69J,1,15
DFD_manipulated_sequences/13_04__podium_speech_happy__00T3UYOR,13_04__podium_speech_happy__00T3UYOR,1,15
DFD_manipulated_sequences/18_03__exit_phone_room__22UBC0BS,18_03__exit_phone_room__22UBC0BS,1,15
DFD_manipulated_sequences/18_12__talking_against_wall__IKH1LBBY,18_12__talking_against_wall__IKH1LBBY,1,15
DFD_manipulated_sequences/14_21__exit_phone_room__IRKML4J0,14_21__exit_phone_room__IRKML4J0,1,15
DFD_manipulated_sequences/02_06__walking_and_outside_surprised__N8OSN8P6,02_06__walking_and_outside_surprised__N8OSN8P6,1,15
DFD_manipulated_sequences/14_18__kitchen_still__0YRBHIKG,14_18__kitchen_still__0YRBHIKG,1,15
DFD_manipulated_sequences/02_14__meeting_serious__3IUBEKCT,02_14__meeting_serious__3IUBEKCT,1,15
DFD_manipulated_sequences/09_14__outside_talking_still_laughing__FRY0IZ4R,09_14__outside_talking_still_laughing__FRY0IZ4R,1,15
DFD_manipulated_sequences/19_24__walking_down_street_outside_angry__59PN7WZ2,19_24__walking_down_street_outside_angry__59PN7WZ2,1,15
DFD_manipulated_sequences/15_02__talking_against_wall__HTG660F8,15_02__talking_against_wall__HTG660F8,1,15
DFD_manipulated_sequences/20_09__talking_angry_couch__0IRM5ADD,20_09__talking_angry_couch__0IRM5ADD,1,15
DFD_manipulated_sequences/13_09__walking_down_street_outside_angry__B41GFUV2,13_09__walking_down_street_outside_angry__B41GFUV2,1,15
DFD_manipulated_sequences/06_02__walking_and_outside_surprised__O9WOC1KJ,06_02__walking_and_outside_surprised__O9WOC1KJ,1,15
DFD_manipulated_sequences/16_05__hugging_happy__V7BK27TX,16_05__hugging_happy__V7BK27TX,1,15
DFD_manipulated_sequences/15_03__talking_angry_couch__T5SHH2UL,15_03__talking_angry_couch__T5SHH2UL,1,15
DFD_manipulated_sequences/03_14__meeting_serious__L0GHYIFS,03_14__meeting_serious__L0GHYIFS,1,15
DFD_manipulated_sequences/13_20__kitchen_still__NJEO6L5O,13_20__kitchen_still__NJEO6L5O,1,15
DFD_manipulated_sequences/20_14__walking_and_outside_surprised__B014BKVO,20_14__walking_and_outside_surprised__B014BKVO,1,15
DFD_manipulated_sequences/19_23__podium_speech_happy__D1K19NUP,19_23__podium_speech_happy__D1K19NUP,1,15
DFD_manipulated_sequences/13_20__walking_down_indoor_hall_disgust__EV1V4ZQV,13_20__walking_down_indoor_hall_disgust__EV1V4ZQV,1,15
DFD_manipulated_sequences/14_15__secret_conversation__OMLZILK3,14_15__secret_conversation__OMLZILK3,1,15
DFD_manipulated_sequences/06_02__walking_down_indoor_hall_disgust__GH8TGTBS,06_02__walking_down_indoor_hall_disgust__GH8TGTBS,1,15
DFD_manipulated_sequences/03_01__hugging_happy__ISF9SP4G,03_01__hugging_happy__ISF9SP4G,1,15
DFD_manipulated_sequences/11_21__podium_speech_happy__T7DK03O1,11_21__podium_speech_happy__T7DK03O1,1,15
DFD_manipulated_sequences/21_15__talking_against_wall__87WSBJP3,21_15__talking_against_wall__87WSBJP3,1,15
DFD_manipulated_sequences/04_07__outside_talking_still_laughing__QKCCFKBT,04_07__outside_talking_still_laughing__QKCCFKBT,1,15
DFD_manipulated_sequences/04_01__walking_down_street_outside_angry__0XUW13RW,04_01__walking_down_street_outside_angry__0XUW13RW,1,15
DFD_manipulated_sequences/09_11__podium_speech_happy__INNOT5UE,09_11__podium_speech_happy__INNOT5UE,1,15
DFD_manipulated_sequences/18_14__walk_down_hall_angry__A5A1Q467,18_14__walk_down_hall_angry__A5A1Q467,1,15
DFD_manipulated_sequences/01_27__talking_angry_couch__ZYCZ30C0,01_27__talking_angry_couch__ZYCZ30C0,1,15
DFD_manipulated_sequences/22_10__walk_down_hall_angry__PUJR4HJ1,22_10__walk_down_hall_angry__PUJR4HJ1,1,15
DFD_manipulated_sequences/04_18__walking_outside_cafe_disgusted__6J3ZFEJQ,04_18__walking_outside_cafe_disgusted__6J3ZFEJQ,1,15
DFD_manipulated_sequences/02_06__walking_down_indoor_hall_disgust__HZAXM70B,02_06__walking_down_indoor_hall_disgust__HZAXM70B,1,15
DFD_manipulated_sequences/27_18__hugging_happy__NYHE8D0J,27_18__hugging_happy__NYHE8D0J,1,15
DFD_manipulated_sequences/14_26__talking_angry_couch__ILLP29ZH,14_26__talking_angry_couch__ILLP29ZH,1,15
DFD_manipulated_sequences/21_20__hugging_happy__ZCB5OMEW,21_20__hugging_happy__ZCB5OMEW,1,15
DFD_manipulated_sequences/26_09__talking_against_wall__C3K20JOL,26_09__talking_against_wall__C3K20JOL,1,15
DFD_manipulated_sequences/02_15__hugging_happy__XNJIS4S3,02_15__hugging_happy__XNJIS4S3,1,15
DFD_manipulated_sequences/02_13__outside_talking_still_laughing__2YSYT2N3,02_13__outside_talking_still_laughing__2YSYT2N3,1,15
DFD_manipulated_sequences/03_07__outside_talking_still_laughing__W3MXGEU9,03_07__outside_talking_still_laughing__W3MXGEU9,1,15
DFD_manipulated_sequences/25_06__outside_talking_pan_laughing__MI9BDQ7M,25_06__outside_talking_pan_laughing__MI9BDQ7M,1,15
DFD_manipulated_sequences/04_01__kitchen_still__GBC7ZGDP,04_01__kitchen_still__GBC7ZGDP,1,15
DFD_manipulated_sequences/11_03__walking_outside_cafe_disgusted__P08VGHTA,11_03__walking_outside_cafe_disgusted__P08VGHTA,1,15
DFD_manipulated_sequences/03_09__outside_talking_still_laughing__8DTEGQ54,03_09__outside_talking_still_laughing__8DTEGQ54,1,15
DFD_manipulated_sequences/12_21__kitchen_still__ME7E3R1D,12_21__kitchen_still__ME7E3R1D,1,15
DFD_manipulated_sequences/03_18__outside_talking_pan_laughing__32DBR8L4,03_18__outside_talking_pan_laughing__32DBR8L4,1,15
DFD_manipulated_sequences/21_07__talking_angry_couch__MKU99DVX,21_07__talking_angry_couch__MKU99DVX,1,15
DFD_manipulated_sequences/02_13__exit_phone_room__CP5HFV3K,02_13__exit_phone_room__CP5HFV3K,1,15
DFD_manipulated_sequences/09_21__exit_phone_room__CGIID3GV,09_21__exit_phone_room__CGIID3GV,1,15
DFD_manipulated_sequences/13_09__walk_down_hall_angry__YP7MGDQ6,13_09__walk_down_hall_angry__YP7MGDQ6,1,15
DFD_manipulated_sequences/08_17__podium_speech_happy__ZCEYWYTC,08_17__podium_speech_happy__ZCEYWYTC,1,15
DFD_manipulated_sequences/27_25__outside_talking_pan_laughing__ZTV6TUQ9,27_25__outside_talking_pan_laughing__ZTV6TUQ9,1,15
DFD_manipulated_sequences/26_12__podium_speech_happy__BFBNM8FR,26_12__podium_speech_happy__BFBNM8FR,1,15
DFD_manipulated_sequences/18_03__kitchen_still__22UBC0BS,18_03__kitchen_still__22UBC0BS,1,15
DFD_manipulated_sequences/02_09__walk_down_hall_angry__9TDCEK1Q,02_09__walk_down_hall_angry__9TDCEK1Q,1,15
DFD_manipulated_sequences/03_15__meeting_serious__OY4I7ZU8,03_15__meeting_serious__OY4I7ZU8,1,15
DFD_manipulated_sequences/18_04__talking_against_wall__6J3ZFEJQ,18_04__talking_against_wall__6J3ZFEJQ,1,15
DFD_manipulated_sequences/12_03__outside_talking_still_laughing__D7G6YJON,12_03__outside_talking_still_laughing__D7G6YJON,1,15
DFD_manipulated_sequences/22_10__walking_and_outside_surprised__C1U7OY5M,22_10__walking_and_outside_surprised__C1U7OY5M,1,15
DFD_manipulated_sequences/13_20__walk_down_hall_angry__43KAHOT2,13_20__walk_down_hall_angry__43KAHOT2,1,15
DFD_manipulated_sequences/06_03__outside_talking_still_laughing__ZFRX9RKW,06_03__outside_talking_still_laughing__ZFRX9RKW,1,15
DFD_manipulated_sequences/09_02__exit_phone_room__HIH8YA82,09_02__exit_phone_room__HIH8YA82,1,15
DFD_manipulated_sequences/26_14__walk_down_hall_angry__ILLP29ZH,26_14__walk_down_hall_angry__ILLP29ZH,1,15
DFD_manipulated_sequences/18_04__secret_conversation__6J3ZFEJQ,18_04__secret_conversation__6J3ZFEJQ,1,15
DFD_manipulated_sequences/15_02__podium_speech_happy__N864L40U,15_02__podium_speech_happy__N864L40U,1,15
DFD_manipulated_sequences/12_20__secret_conversation__VD7BCF1U,12_20__secret_conversation__VD7BCF1U,1,5
DFD_manipulated_sequences/06_04__kitchen_still__ZK95PQDE,06_04__kitchen_still__ZK95PQDE,1,15
DFD_manipulated_sequences/06_03__walking_down_indoor_hall_disgust__OPTNKNYK,06_03__walking_down_indoor_hall_disgust__OPTNKNYK,1,15
DFD_manipulated_sequences/25_15__walking_down_street_outside_angry__FF95NMIQ,25_15__walking_down_street_outside_angry__FF95NMIQ,1,15
DFD_manipulated_sequences/02_18__exit_phone_room__OXMEEFUQ,02_18__exit_phone_room__OXMEEFUQ,1,15
DFD_manipulated_sequences/15_01__walk_down_hall_angry__02HILKYO,15_01__walk_down_hall_angry__02HILKYO,1,15
DFD_manipulated_sequences/01_11__outside_talking_still_laughing__9229VVZ3,01_11__outside_talking_still_laughing__9229VVZ3,1,15
DFD_manipulated_sequences/09_21__walking_down_street_outside_angry__JEELOMN2,09_21__walking_down_street_outside_angry__JEELOMN2,1,15
DFD_manipulated_sequences/23_22__kitchen_pan__W9MT3Q5K,23_22__kitchen_pan__W9MT3Q5K,1,15
DFD_manipulated_sequences/27_18__walking_down_indoor_hall_disgust__NYHE8D0J,27_18__walking_down_indoor_hall_disgust__NYHE8D0J,1,15
DFD_manipulated_sequences/06_03__kitchen_still__1IXGY2FK,06_03__kitchen_still__1IXGY2FK,1,15
DFD_manipulated_sequences/18_14__exit_phone_room__MAEROFMR,18_14__exit_phone_room__MAEROFMR,1,15
DFD_manipulated_sequences/24_22__talking_against_wall__7E3GY85F,24_22__talking_against_wall__7E3GY85F,1,15
DFD_manipulated_sequences/02_01__outside_talking_still_laughing__YVGY8LOK,02_01__outside_talking_still_laughing__YVGY8LOK,1,15
DFD_manipulated_sequences/27_06__walking_outside_cafe_disgusted__SZWVBWY4,27_06__walking_outside_cafe_disgusted__SZWVBWY4,1,15
DFD_manipulated_sequences/01_11__talking_against_wall__9229VVZ3,01_11__talking_against_wall__9229VVZ3,1,15
DFD_manipulated_sequences/20_09__outside_talking_still_laughing__9OJQX9KV,20_09__outside_talking_still_laughing__9OJQX9KV,1,15
DFD_manipulated_sequences/16_05__walk_down_hall_angry__O56DDU3S,16_05__walk_down_hall_angry__O56DDU3S,1,15
DFD_manipulated_sequences/27_25__exit_phone_room__1KU29EUL,27_25__exit_phone_room__1KU29EUL,1,15
DFD_manipulated_sequences/27_13__walking_outside_cafe_disgusted__A1OSUJE9,27_13__walking_outside_cafe_disgusted__A1OSUJE9,1,15
DFD_manipulated_sequences/01_11__outside_talking_pan_laughing__UQ0BOBNO,01_11__outside_talking_pan_laughing__UQ0BOBNO,1,15
DFD_manipulated_sequences/02_25__exit_phone_room__Z7FQ69VP,02_25__exit_phone_room__Z7FQ69VP,1,15
DFD_manipulated_sequences/12_14__walk_down_hall_angry__Z7EWFA0P,12_14__walk_down_hall_angry__Z7EWFA0P,1,15
DFD_manipulated_sequences/08_16__kitchen_pan__8Q7JCS95,08_16__kitchen_pan__8Q7JCS95,1,15
DFD_manipulated_sequences/24_19__walk_down_hall_angry__QD5K7BP2,24_19__walk_down_hall_angry__QD5K7BP2,1,15
DFD_manipulated_sequences/06_18__podium_speech_happy__DEA1TCLN,06_18__podium_speech_happy__DEA1TCLN,1,15
DFD_manipulated_sequences/11_21__kitchen_still__T7DK03O1,11_21__kitchen_still__T7DK03O1,1,15
DFD_manipulated_sequences/12_13__podium_speech_happy__2TM4IFSF,12_13__podium_speech_happy__2TM4IFSF,1,15
DFD_manipulated_sequences/02_04__outside_talking_pan_laughing__8CH7R4LW,02_04__outside_talking_pan_laughing__8CH7R4LW,1,15
DFD_manipulated_sequences/24_19__walking_down_street_outside_angry__QD5K7BP2,24_19__walking_down_street_outside_angry__QD5K7BP2,1,15
DFD_manipulated_sequences/26_07__talking_against_wall__FGNGC2GT,26_07__talking_against_wall__FGNGC2GT,1,15
DFD_manipulated_sequences/15_03__outside_talking_pan_laughing__GZNLO4X9,15_03__outside_talking_pan_laughing__GZNLO4X9,1,15
DFD_manipulated_sequences/07_02__outside_talking_still_laughing__1ZE4HC06,07_02__outside_talking_still_laughing__1ZE4HC06,1,15
DFD_manipulated_sequences/13_12__outside_talking_pan_laughing__2TM4IFSF,13_12__outside_talking_pan_laughing__2TM4IFSF,1,15
DFD_manipulated_sequences/13_12__kitchen_pan__Q442U52P,13_12__kitchen_pan__Q442U52P,1,15
DFD_manipulated_sequences/26_06__kitchen_still__L5BVR5L9,26_06__kitchen_still__L5BVR5L9,1,15
DFD_manipulated_sequences/07_03__outside_talking_pan_laughing__6PHZRQ4H,07_03__outside_talking_pan_laughing__6PHZRQ4H,1,15
DFD_manipulated_sequences/15_06__exit_phone_room__E98QYYXO,15_06__exit_phone_room__E98QYYXO,1,15
DFD_manipulated_sequences/14_06__kitchen_still__8U9ULZDT,14_06__kitchen_still__8U9ULZDT,1,15
DFD_manipulated_sequences/25_02__exit_phone_room__Z7FQ69VP,25_02__exit_phone_room__Z7FQ69VP,1,15
DFD_manipulated_sequences/02_27__kitchen_pan__UGO2181S,02_27__kitchen_pan__UGO2181S,1,15
DFD_manipulated_sequences/06_27__walk_down_hall_angry__S3T7SK9O,06_27__walk_down_hall_angry__S3T7SK9O,1,15
DFD_manipulated_sequences/14_20__talking_against_wall__R7SPX6OK,14_20__talking_against_wall__R7SPX6OK,1,15
DFD_manipulated_sequences/27_14__walk_down_hall_angry__0KSONKQ2,27_14__walk_down_hall_angry__0KSONKQ2,1,15
DFD_manipulated_sequences/04_12__walking_down_street_outside_angry__B6YJ9IW1,04_12__walking_down_street_outside_angry__B6YJ9IW1,1,15
DFD_manipulated_sequences/14_13__talking_against_wall__KMQ3AW6A,14_13__talking_against_wall__KMQ3AW6A,1,15
DFD_manipulated_sequences/12_07__outside_talking_pan_laughing__0VN0A2T3,12_07__outside_talking_pan_laughing__0VN0A2T3,1,15
DFD_manipulated_sequences/15_21__exit_phone_room__JDPD580N,15_21__exit_phone_room__JDPD580N,1,15
DFD_manipulated_sequences/21_14__walking_down_street_outside_angry__N0WM4GSV,21_14__walking_down_street_outside_angry__N0WM4GSV,1,15
DFD_manipulated_sequences/14_01__kitchen_pan__0S0NS5C6,14_01__kitchen_pan__0S0NS5C6,1,15
DFD_manipulated_sequences/04_21__outside_talking_pan_laughing__PRCQUMY8,04_21__outside_talking_pan_laughing__PRCQUMY8,1,15
DFD_manipulated_sequences/04_02__secret_conversation__8CH7R4LW,04_02__secret_conversation__8CH7R4LW,1,15
DFD_manipulated_sequences/26_03__kitchen_still__WBSXBL82,26_03__kitchen_still__WBSXBL82,1,15
DFD_manipulated_sequences/14_15__outside_talking_pan_laughing__3FRJCJ0V,14_15__outside_talking_pan_laughing__3FRJCJ0V,1,15
DFD_manipulated_sequences/15_04__kitchen_pan__46TJ9IOJ,15_04__kitchen_pan__46TJ9IOJ,1,15
DFD_manipulated_sequences/21_11__talking_against_wall__T7DK03O1,21_11__talking_against_wall__T7DK03O1,1,15
DFD_manipulated_sequences/15_07__outside_talking_still_laughing__KM6M2TBT,15_07__outside_talking_still_laughing__KM6M2TBT,1,15
DFD_manipulated_sequences/06_27__outside_talking_still_laughing__SZWVBWY4,06_27__outside_talking_still_laughing__SZWVBWY4,1,15
DFD_manipulated_sequences/02_06__podium_speech_happy__SU4OQCS9,02_06__podium_speech_happy__SU4OQCS9,1,15
DFD_manipulated_sequences/26_13__kitchen_pan__XRS5W2NC,26_13__kitchen_pan__XRS5W2NC,1,15
DFD_manipulated_sequences/08_28__exit_phone_room__KXO8S7OP,08_28__exit_phone_room__KXO8S7OP,1,15
DFD_manipulated_sequences/18_06__kitchen_pan__5HNHMK6G,18_06__kitchen_pan__5HNHMK6G,1,15
DFD_manipulated_sequences/21_12__kitchen_still__ME7E3R1D,21_12__kitchen_still__ME7E3R1D,1,15
DFD_manipulated_sequences/12_20__talking_against_wall__GHPWDH3C,12_20__talking_against_wall__GHPWDH3C,1,15
DFD_manipulated_sequences/22_23__walking_and_outside_surprised__NUTQ0HJ5,22_23__walking_and_outside_surprised__NUTQ0HJ5,1,15
DFD_manipulated_sequences/26_20__kitchen_pan__34DJQS3E,26_20__kitchen_pan__34DJQS3E,1,15
DFD_manipulated_sequences/05_16__kitchen_still__O56DDU3S,05_16__kitchen_still__O56DDU3S,1,15
DFD_manipulated_sequences/14_20__walking_and_outside_surprised__B014BKVO,14_20__walking_and_outside_surprised__B014BKVO,1,15
DFD_manipulated_sequences/22_23__kitchen_pan__TU7RHG0S,22_23__kitchen_pan__TU7RHG0S,1,15
DFD_manipulated_sequences/06_18__exit_phone_room__H9445M6R,06_18__exit_phone_room__H9445M6R,1,15
DFD_manipulated_sequences/15_12__podium_speech_happy__N0SRODQD,15_12__podium_speech_happy__N0SRODQD,1,15
DFD_manipulated_sequences/14_03__secret_conversation__0O9TTCJT,14_03__secret_conversation__0O9TTCJT,1,15
DFD_manipulated_sequences/02_13__secret_conversation__CP5HFV3K,02_13__secret_conversation__CP5HFV3K,1,15
DFD_manipulated_sequences/18_25__exit_phone_room__AUC0HY5T,18_25__exit_phone_room__AUC0HY5T,1,15
DFD_manipulated_sequences/21_20__walking_down_street_outside_angry__ZCB5OMEW,21_20__walking_down_street_outside_angry__ZCB5OMEW,1,15
DFD_manipulated_sequences/18_26__outside_talking_still_laughing__AI94QW74,18_26__outside_talking_still_laughing__AI94QW74,1,15
DFD_manipulated_sequences/20_26__podium_speech_happy__2VS0S1P5,20_26__podium_speech_happy__2VS0S1P5,1,15
DFD_manipulated_sequences/20_01__secret_conversation__FW94AIMJ,20_01__secret_conversation__FW94AIMJ,1,15
DFD_manipulated_sequences/04_01__outside_talking_still_laughing__0XUW13RW,04_01__outside_talking_still_laughing__0XUW13RW,1,15
DFD_manipulated_sequences/03_06__podium_speech_happy__ZFRX9RKW,03_06__podium_speech_happy__ZFRX9RKW,1,15
DFD_manipulated_sequences/21_09__podium_speech_happy__JEELOMN2,21_09__podium_speech_happy__JEELOMN2,1,15
DFD_manipulated_sequences/01_11__talking_against_wall__WIZ7GKOD,01_11__talking_against_wall__WIZ7GKOD,1,15
DFD_manipulated_sequences/23_19__outside_talking_still_laughing__D1K19NUP,23_19__outside_talking_still_laughing__D1K19NUP,1,15
DFD_manipulated_sequences/27_20__walk_down_hall_angry__LM907ECA,27_20__walk_down_hall_angry__LM907ECA,1,15
DFD_manipulated_sequences/26_07__walking_down_street_outside_angry__FGNGC2GT,26_07__walking_down_street_outside_angry__FGNGC2GT,1,15
DFD_manipulated_sequences/23_19__kitchen_pan__H4SUVFTL,23_19__kitchen_pan__H4SUVFTL,1,15
DFD_manipulated_sequences/13_12__talking_against_wall__2TM4IFSF,13_12__talking_against_wall__2TM4IFSF,1,15
DFD_manipulated_sequences/14_18__walking_outside_cafe_disgusted__6SB2BR0A,14_18__walking_outside_cafe_disgusted__6SB2BR0A,1,15
DFD_manipulated_sequences/04_15__walking_outside_cafe_disgusted__46TJ9IOJ,04_15__walking_outside_cafe_disgusted__46TJ9IOJ,1,15
DFD_manipulated_sequences/01_14__walking_outside_cafe_disgusted__01YF7VQM,01_14__walking_outside_cafe_disgusted__01YF7VQM,1,15
DFD_manipulated_sequences/26_27__talking_against_wall__IE9N0ZI9,26_27__talking_against_wall__IE9N0ZI9,1,15
DFD_manipulated_sequences/19_23__secret_conversation__H4SUVFTL,19_23__secret_conversation__H4SUVFTL,1,15
DFD_manipulated_sequences/03_07__secret_conversation__9NVYPOMN,03_07__secret_conversation__9NVYPOMN,1,15
DFD_manipulated_sequences/04_02__podium_speech_happy__8CH7R4LW,04_02__podium_speech_happy__8CH7R4LW,1,15
DFD_manipulated_sequences/01_11__talking_angry_couch__FAFWDR4W,01_11__talking_angry_couch__FAFWDR4W,1,15
DFD_manipulated_sequences/21_14__podium_speech_happy__IRKML4J0,21_14__podium_speech_happy__IRKML4J0,1,15
DFD_manipulated_sequences/13_02__walking_outside_cafe_disgusted__CP5HFV3K,13_02__walking_outside_cafe_disgusted__CP5HFV3K,1,15
DFD_manipulated_sequences/01_27__outside_talking_still_laughing__S2YCUY48,01_27__outside_talking_still_laughing__S2YCUY48,1,15
DFD_manipulated_sequences/02_15__hugging_happy__MZWH8ATN,02_15__hugging_happy__MZWH8ATN,1,15
DFD_manipulated_sequences/18_11__podium_speech_happy__DBSWZLXL,18_11__podium_speech_happy__DBSWZLXL,1,15
DFD_manipulated_sequences/16_28__kitchen_still__U757192N,16_28__kitchen_still__U757192N,1,15
DFD_manipulated_sequences/21_07__kitchen_pan__K7KXUHMU,21_07__kitchen_pan__K7KXUHMU,1,15
DFD_manipulated_sequences/12_21__secret_conversation__J54W3PV1,12_21__secret_conversation__J54W3PV1,1,5
DFD_manipulated_sequences/20_13__podium_speech_happy__C50CSOEX,20_13__podium_speech_happy__C50CSOEX,1,15
DFD_manipulated_sequences/12_15__walk_down_hall_angry__N0SRODQD,12_15__walk_down_hall_angry__N0SRODQD,1,15
DFD_manipulated_sequences/03_01__kitchen_still__JZUXXFRB,03_01__kitchen_still__JZUXXFRB,1,15
DFD_manipulated_sequences/19_23__walk_down_hall_angry__F7U8UY7V,19_23__walk_down_hall_angry__F7U8UY7V,1,15
DFD_manipulated_sequences/05_16__kitchen_still__B62WCGUN,05_16__kitchen_still__B62WCGUN,1,15
DFD_manipulated_sequences/09_13__outside_talking_pan_laughing__TG55WJXX,09_13__outside_talking_pan_laughing__TG55WJXX,1,15
DFD_manipulated_sequences/24_23__talking_angry_couch__MDSDXSNU,24_23__talking_angry_couch__MDSDXSNU,1,15
DFD_manipulated_sequences/01_15__meeting_serious__02HILKYO,01_15__meeting_serious__02HILKYO,1,15
DFD_manipulated_sequences/02_15__exit_phone_room__MCRFMYAE,02_15__exit_phone_room__MCRFMYAE,1,15
DFD_manipulated_sequences/05_08__hugging_happy__FBICSP2C,05_08__hugging_happy__FBICSP2C,1,15
DFD_manipulated_sequences/10_22__exit_phone_room__8YQ2EUQP,10_22__exit_phone_room__8YQ2EUQP,1,15
DFD_manipulated_sequences/02_07__walking_down_street_outside_angry__O4SXNLRL,02_07__walking_down_street_outside_angry__O4SXNLRL,1,15
DFD_manipulated_sequences/15_03__walk_down_hall_angry__5C1OMK8W,15_03__walk_down_hall_angry__5C1OMK8W,1,15
DFD_manipulated_sequences/19_10__exit_phone_room__IDX76N5R,19_10__exit_phone_room__IDX76N5R,1,15
DFD_manipulated_sequences/03_14__walk_down_hall_angry__P1L5PF4I,03_14__walk_down_hall_angry__P1L5PF4I,1,15
DFD_manipulated_sequences/22_24__walking_down_street_outside_angry__XL557XC6,22_24__walking_down_street_outside_angry__XL557XC6,1,15
DFD_manipulated_sequences/14_18__hugging_happy__0YRBHIKG,14_18__hugging_happy__0YRBHIKG,1,15
DFD_manipulated_sequences/27_06__walking_and_outside_surprised__O7L5Z9U8,27_06__walking_and_outside_surprised__O7L5Z9U8,1,15
DFD_manipulated_sequences/13_12__walk_down_hall_angry__Q442U52P,13_12__walk_down_hall_angry__Q442U52P,1,15
DFD_manipulated_sequences/21_12__kitchen_pan__ME7E3R1D,21_12__kitchen_pan__ME7E3R1D,1,15
DFD_manipulated_sequences/06_04__walking_down_indoor_hall_disgust__ZK95PQDE,06_04__walking_down_indoor_hall_disgust__ZK95PQDE,1,15
DFD_manipulated_sequences/06_12__talking_against_wall__3K21NFNM,06_12__talking_against_wall__3K21NFNM,1,15
DFD_manipulated_sequences/15_03__kitchen_pan__DG8ITQO3,15_03__kitchen_pan__DG8ITQO3,1,15
DFD_manipulated_sequences/14_06__walking_down_indoor_hall_disgust__8U9ULZDT,14_06__walking_down_indoor_hall_disgust__8U9ULZDT,1,15
DFD_manipulated_sequences/27_18__outside_talking_pan_laughing__NYHE8D0J,27_18__outside_talking_pan_laughing__NYHE8D0J,1,15
DFD_manipulated_sequences/06_14__outside_talking_pan_laughing__8U9ULZDT,06_14__outside_talking_pan_laughing__8U9ULZDT,1,15
DFD_manipulated_sequences/24_19__outside_talking_still_laughing__RKQTC50P,24_19__outside_talking_still_laughing__RKQTC50P,1,15
DFD_manipulated_sequences/09_18__outside_talking_pan_laughing__3VP8836C,09_18__outside_talking_pan_laughing__3VP8836C,1,15
DFD_manipulated_sequences/25_13__outside_talking_still_laughing__IW9OFVMG,25_13__outside_talking_still_laughing__IW9OFVMG,1,15
DFD_manipulated_sequences/20_06__hugging_happy__6SUW7063,20_06__hugging_happy__6SUW7063,1,15
DFD_manipulated_sequences/09_13__exit_phone_room__YP7MGDQ6,09_13__exit_phone_room__YP7MGDQ6,1,15
DFD_manipulated_sequences/09_01__talking_against_wall__O8HNNX43,09_01__talking_against_wall__O8HNNX43,1,15
DFD_manipulated_sequences/02_01__secret_conversation__YVGY8LOK,02_01__secret_conversation__YVGY8LOK,1,15
DFD_manipulated_sequences/06_02__walking_and_outside_surprised__MKZTXQ2T,06_02__walking_and_outside_surprised__MKZTXQ2T,1,15
DFD_manipulated_sequences/28_05__secret_conversation__W3J028UG,28_05__secret_conversation__W3J028UG,1,15
DFD_manipulated_sequences/02_06__walk_down_hall_angry__MKZTXQ2T,02_06__walk_down_hall_angry__MKZTXQ2T,1,15
DFD_manipulated_sequences/15_18__talking_angry_couch__V5VHLCOW,15_18__talking_angry_couch__V5VHLCOW,1,15
DFD_manipulated_sequences/27_18__walk_down_hall_angry__BSOLX3SI,27_18__walk_down_hall_angry__BSOLX3SI,1,15
DFD_manipulated_sequences/03_06__kitchen_still__1IXGY2FK,03_06__kitchen_still__1IXGY2FK,1,15
DFD_manipulated_sequences/06_25__outside_talking_still_laughing__MI9BDQ7M,06_25__outside_talking_still_laughing__MI9BDQ7M,1,15
DFD_manipulated_sequences/20_01__talking_angry_couch__6UBMLXK3,20_01__talking_angry_couch__6UBMLXK3,1,15
DFD_manipulated_sequences/03_14__talking_against_wall__ZC2KYASW,03_14__talking_against_wall__ZC2KYASW,1,15
DFD_manipulated_sequences/05_28__walking_down_street_outside_angry__U9LRLJ6N,05_28__walking_down_street_outside_angry__U9LRLJ6N,1,15
DFD_manipulated_sequences/27_03__outside_talking_still_laughing__IL675GCI,27_03__outside_talking_still_laughing__IL675GCI,1,15
DFD_manipulated_sequences/01_02__outside_talking_still_laughing__YVGY8LOK,01_02__outside_talking_still_laughing__YVGY8LOK,1,15
DFD_manipulated_sequences/15_14__exit_phone_room__OMLZILK3,15_14__exit_phone_room__OMLZILK3,1,15
DFD_manipulated_sequences/20_14__hugging_happy__B014BKVO,20_14__hugging_happy__B014BKVO,1,15
DFD_manipulated_sequences/02_15__secret_conversation__MZWH8ATN,02_15__secret_conversation__MZWH8ATN,1,15
DFD_manipulated_sequences/13_03__outside_talking_still_laughing__GBYWJW06,13_03__outside_talking_still_laughing__GBYWJW06,1,15
DFD_manipulated_sequences/25_07__walking_down_street_outside_angry__IKMKYKPG,25_07__walking_down_street_outside_angry__IKMKYKPG,1,15
DFD_manipulated_sequences/20_15__kitchen_pan__99NHTFBM,20_15__kitchen_pan__99NHTFBM,1,15
DFD_manipulated_sequences/08_17__kitchen_pan__JZYRLJ8T,08_17__kitchen_pan__JZYRLJ8T,1,15
DFD_manipulated_sequences/11_18__walking_outside_cafe_disgusted__R1NMCHKG,11_18__walking_outside_cafe_disgusted__R1NMCHKG,1,15
DFD_manipulated_sequences/25_02__outside_talking_pan_laughing__Z7FQ69VP,25_02__outside_talking_pan_laughing__Z7FQ69VP,1,15
DFD_manipulated_sequences/09_02__walking_down_street_outside_angry__9TDCEK1Q,09_02__walking_down_street_outside_angry__9TDCEK1Q,1,15
DFD_manipulated_sequences/20_26__talking_against_wall__KGFLR0PH,20_26__talking_against_wall__KGFLR0PH,1,15
DFD_manipulated_sequences/07_25__exit_phone_room__IKMKYKPG,07_25__exit_phone_room__IKMKYKPG,1,15
DFD_manipulated_sequences/13_15__kitchen_still__X0EIIJF7,13_15__kitchen_still__X0EIIJF7,1,15
DFD_manipulated_sequences/01_27__outside_talking_pan_laughing__S2YCUY48,01_27__outside_talking_pan_laughing__S2YCUY48,1,15
DFD_manipulated_sequences/07_03__walking_outside_cafe_disgusted__IFSURI9X,07_03__walking_outside_cafe_disgusted__IFSURI9X,1,15
DFD_manipulated_sequences/11_13__kitchen_pan__XXKQ4XM0,11_13__kitchen_pan__XXKQ4XM0,1,15
DFD_manipulated_sequences/11_21__secret_conversation__T7DK03O1,11_21__secret_conversation__T7DK03O1,1,15
DFD_manipulated_sequences/17_08__hugging_happy__05AN86QA,17_08__hugging_happy__05AN86QA,1,15
DFD_manipulated_sequences/03_14__podium_speech_happy__7JPPCV50,03_14__podium_speech_happy__7JPPCV50,1,15
DFD_manipulated_sequences/01_20__hugging_happy__6UBMLXK3,01_20__hugging_happy__6UBMLXK3,1,15
DFD_manipulated_sequences/18_25__outside_talking_pan_laughing__41UL3HO6,18_25__outside_talking_pan_laughing__41UL3HO6,1,15
DFD_manipulated_sequences/04_07__podium_speech_happy__ITC0C48B,04_07__podium_speech_happy__ITC0C48B,1,15
DFD_manipulated_sequences/14_06__outside_talking_pan_laughing__8U9ULZDT,14_06__outside_talking_pan_laughing__8U9ULZDT,1,15
DFD_manipulated_sequences/21_20__walk_down_hall_angry__ZCB5OMEW,21_20__walk_down_hall_angry__ZCB5OMEW,1,15
DFD_manipulated_sequences/16_05__walking_down_street_outside_angry__94435UY3,16_05__walking_down_street_outside_angry__94435UY3,1,15
DFD_manipulated_sequences/25_27__walk_down_hall_angry__GNIMW95Z,25_27__walk_down_hall_angry__GNIMW95Z,1,15
DFD_manipulated_sequences/14_02__walking_outside_cafe_disgusted__3IUBEKCT,14_02__walking_outside_cafe_disgusted__3IUBEKCT,1,15
DFD_manipulated_sequences/19_24__secret_conversation__59PN7WZ2,19_24__secret_conversation__59PN7WZ2,1,15
DFD_manipulated_sequences/24_19__outside_talking_still_laughing__NPZW2Z9L,24_19__outside_talking_still_laughing__NPZW2Z9L,1,15
DFD_manipulated_sequences/23_19__outside_talking_pan_laughing__H4SUVFTL,23_19__outside_talking_pan_laughing__H4SUVFTL,1,15
DFD_manipulated_sequences/20_21__secret_conversation__ZCB5OMEW,20_21__secret_conversation__ZCB5OMEW,1,15
DFD_manipulated_sequences/23_10__talking_against_wall__W02WYPCX,23_10__talking_against_wall__W02WYPCX,1,15
DFD_manipulated_sequences/26_12__exit_phone_room__OTKIGGFE,26_12__exit_phone_room__OTKIGGFE,1,15
DFD_manipulated_sequences/15_14__talking_against_wall__3FRJCJ0V,15_14__talking_against_wall__3FRJCJ0V,1,15
DFD_manipulated_sequences/02_06__kitchen_pan__0M6JNS5D,02_06__kitchen_pan__0M6JNS5D,1,15
DFD_manipulated_sequences/20_26__talking_angry_couch__34DJQS3E,20_26__talking_angry_couch__34DJQS3E,1,15
DFD_manipulated_sequences/11_06__outside_talking_pan_laughing__C8C4FW99,11_06__outside_talking_pan_laughing__C8C4FW99,1,15
DFD_manipulated_sequences/18_06__outside_talking_still_laughing__DEA1TCLN,18_06__outside_talking_still_laughing__DEA1TCLN,1,15
DFD_manipulated_sequences/14_03__secret_conversation__L0GHYIFS,14_03__secret_conversation__L0GHYIFS,1,15
DFD_manipulated_sequences/12_26__talking_angry_couch__LI63E4TS,12_26__talking_angry_couch__LI63E4TS,1,15
DFD_manipulated_sequences/15_03__walking_down_indoor_hall_disgust__OY4I7ZU8,15_03__walking_down_indoor_hall_disgust__OY4I7ZU8,1,15
DFD_manipulated_sequences/27_13__hugging_happy__A1OSUJE9,27_13__hugging_happy__A1OSUJE9,1,15
DFD_manipulated_sequences/23_19__walking_down_indoor_hall_disgust__H4SUVFTL,23_19__walking_down_indoor_hall_disgust__H4SUVFTL,1,15
DFD_manipulated_sequences/19_23__talking_angry_couch__WHQ1229T,19_23__talking_angry_couch__WHQ1229T,1,15
DFD_manipulated_sequences/21_15__hugging_happy__87WSBJP3,21_15__hugging_happy__87WSBJP3,1,15
DFD_manipulated_sequences/01_12__kitchen_pan__TNI7KUZ6,01_12__kitchen_pan__TNI7KUZ6,1,15
DFD_manipulated_sequences/15_04__walking_down_street_outside_angry__46TJ9IOJ,15_04__walking_down_street_outside_angry__46TJ9IOJ,1,15
DFD_manipulated_sequences/15_04__talking_against_wall__46TJ9IOJ,15_04__talking_against_wall__46TJ9IOJ,1,15
DFD_manipulated_sequences/05_08__walk_down_hall_angry__PRBCE28Z,05_08__walk_down_hall_angry__PRBCE28Z,1,15
DFD_manipulated_sequences/18_14__talking_against_wall__A5A1Q467,18_14__talking_against_wall__A5A1Q467,1,15
DFD_manipulated_sequences/13_02__walking_down_indoor_hall_disgust__CP5HFV3K,13_02__walking_down_indoor_hall_disgust__CP5HFV3K,1,15
DFD_manipulated_sequences/02_07__secret_conversation__1JCLEEBQ,02_07__secret_conversation__1JCLEEBQ,1,15
DFD_manipulated_sequences/27_18__outside_talking_still_laughing__G7OOOUCX,27_18__outside_talking_still_laughing__G7OOOUCX,1,15
DFD_manipulated_sequences/21_15__outside_talking_pan_laughing__87WSBJP3,21_15__outside_talking_pan_laughing__87WSBJP3,1,15
DFD_manipulated_sequences/03_12__exit_phone_room__D7G6YJON,03_12__exit_phone_room__D7G6YJON,1,15
DFD_manipulated_sequences/06_07__kitchen_pan__NMGYPBXE,06_07__kitchen_pan__NMGYPBXE,1,15
DFD_manipulated_sequences/16_17__talking_against_wall__S7UMSIQV,16_17__talking_against_wall__S7UMSIQV,1,15
DFD_manipulated_sequences/06_12__podium_speech_happy__3K21NFNM,06_12__podium_speech_happy__3K21NFNM,1,15
DFD_manipulated_sequences/03_14__kitchen_still__Q9NSXM88,03_14__kitchen_still__Q9NSXM88,1,15
DFD_manipulated_sequences/06_04__walking_outside_cafe_disgusted__ZK95PQDE,06_04__walking_outside_cafe_disgusted__ZK95PQDE,1,15
DFD_manipulated_sequences/28_08__kitchen_still__HIOU8Z8I,28_08__kitchen_still__HIOU8Z8I,1,15
DFD_manipulated_sequences/06_15__outside_talking_still_laughing__E98QYYXO,06_15__outside_talking_still_laughing__E98QYYXO,1,15
DFD_manipulated_sequences/01_20__outside_talking_still_laughing__OTGHOG4Z,01_20__outside_talking_still_laughing__OTGHOG4Z,1,15
DFD_manipulated_sequences/06_25__exit_phone_room__MI9BDQ7M,06_25__exit_phone_room__MI9BDQ7M,1,15
DFD_manipulated_sequences/01_11__kitchen_pan__WIZ7GKOD,01_11__kitchen_pan__WIZ7GKOD,1,15
DFD_manipulated_sequences/15_06__exit_phone_room__QRCD27P8,15_06__exit_phone_room__QRCD27P8,1,15
DFD_manipulated_sequences/07_03__secret_conversation__IFSURI9X,07_03__secret_conversation__IFSURI9X,1,15
DFD_manipulated_sequences/03_11__walk_down_hall_angry__P08VGHTA,03_11__walk_down_hall_angry__P08VGHTA,1,15
DFD_manipulated_sequences/17_08__podium_speech_happy__ZCEYWYTC,17_08__podium_speech_happy__ZCEYWYTC,1,15
DFD_manipulated_sequences/07_02__talking_against_wall__U7DEOZNV,07_02__talking_against_wall__U7DEOZNV,1,15
DFD_manipulated_sequences/18_26__kitchen_still__C9VUQS9O,18_26__kitchen_still__C9VUQS9O,1,15
DFD_manipulated_sequences/08_16__kitchen_still__8Q7JCS95,08_16__kitchen_still__8Q7JCS95,1,15
DFD_manipulated_sequences/21_04__talking_against_wall__NRI4PHWP,21_04__talking_against_wall__NRI4PHWP,1,15
DFD_manipulated_sequences/03_21__kitchen_still__V53E3RVB,03_21__kitchen_still__V53E3RVB,1,15
DFD_manipulated_sequences/20_18__outside_talking_pan_laughing__8BMQOD7S,20_18__outside_talking_pan_laughing__8BMQOD7S,1,15
DFD_manipulated_sequences/20_11__walk_down_hall_angry__B2H95QXV,20_11__walk_down_hall_angry__B2H95QXV,1,15
DFD_manipulated_sequences/27_25__walking_and_outside_surprised__1KU29EUL,27_25__walking_and_outside_surprised__1KU29EUL,1,15
DFD_manipulated_sequences/17_16__walking_down_indoor_hall_disgust__S7UMSIQV,17_16__walking_down_indoor_hall_disgust__S7UMSIQV,1,15
DFD_manipulated_sequences/26_04__walking_outside_cafe_disgusted__MS2MLJP1,26_04__walking_outside_cafe_disgusted__MS2MLJP1,1,15
DFD_manipulated_sequences/08_17__kitchen_still__JZYRLJ8T,08_17__kitchen_still__JZYRLJ8T,1,15
DFD_manipulated_sequences/13_02__outside_talking_still_laughing__CP5HFV3K,13_02__outside_talking_still_laughing__CP5HFV3K,1,15
DFD_manipulated_sequences/22_10__outside_talking_still_laughing__J2HR5HKH,22_10__outside_talking_still_laughing__J2HR5HKH,1,15
DFD_manipulated_sequences/25_02__walking_down_street_outside_angry__Z7FQ69VP,25_02__walking_down_street_outside_angry__Z7FQ69VP,1,15
DFD_manipulated_sequences/06_03__walking_down_street_outside_angry__1IXGY2FK,06_03__walking_down_street_outside_angry__1IXGY2FK,1,15
DFD_manipulated_sequences/24_19__exit_phone_room__QD5K7BP2,24_19__exit_phone_room__QD5K7BP2,1,15
DFD_manipulated_sequences/11_21__walking_outside_cafe_disgusted__T7DK03O1,11_21__walking_outside_cafe_disgusted__T7DK03O1,1,15
DFD_manipulated_sequences/01_20__outside_talking_pan_laughing__OTGHOG4Z,01_20__outside_talking_pan_laughing__OTGHOG4Z,1,15
DFD_manipulated_sequences/03_15__meeting_serious__Q14RO7M7,03_15__meeting_serious__Q14RO7M7,1,15
DFD_manipulated_sequences/02_15__meeting_serious__MZWH8ATN,02_15__meeting_serious__MZWH8ATN,1,15
DFD_manipulated_sequences/23_19__talking_against_wall__H4SUVFTL,23_19__talking_against_wall__H4SUVFTL,1,15
DFD_manipulated_sequences/20_25__exit_phone_room__MUS0X71T,20_25__exit_phone_room__MUS0X71T,1,15
DFD_manipulated_sequences/02_25__secret_conversation__Z7FQ69VP,02_25__secret_conversation__Z7FQ69VP,1,15
DFD_manipulated_sequences/06_25__walking_and_outside_surprised__MI9BDQ7M,06_25__walking_and_outside_surprised__MI9BDQ7M,1,15
DFD_manipulated_sequences/09_01__walk_down_hall_angry__6TSGVLHA,09_01__walk_down_hall_angry__6TSGVLHA,1,15
DFD_manipulated_sequences/28_08__podium_speech_happy__5DCAESDA,28_08__podium_speech_happy__5DCAESDA,1,15
DFD_manipulated_sequences/27_07__walking_down_street_outside_angry__3RH5PR6S,27_07__walking_down_street_outside_angry__3RH5PR6S,1,15
DFD_manipulated_sequences/13_26__podium_speech_happy__XRS5W2NC,13_26__podium_speech_happy__XRS5W2NC,1,15
DFD_manipulated_sequences/03_27__walk_down_hall_angry__IL675GCI,03_27__walk_down_hall_angry__IL675GCI,1,15
DFD_manipulated_sequences/20_12__outside_talking_pan_laughing__VD7BCF1U,20_12__outside_talking_pan_laughing__VD7BCF1U,1,15
DFD_manipulated_sequences/15_02__talking_against_wall__TN2CWM3K,15_02__talking_against_wall__TN2CWM3K,1,15
DFD_manipulated_sequences/07_02__walking_down_street_outside_angry__UH60ROEK,07_02__walking_down_street_outside_angry__UH60ROEK,1,15
DFD_manipulated_sequences/09_25__talking_angry_couch__ODAQ7BZL,09_25__talking_angry_couch__ODAQ7BZL,1,15
DFD_manipulated_sequences/15_12__outside_talking_still_laughing__RK17XFJ9,15_12__outside_talking_still_laughing__RK17XFJ9,1,15
DFD_manipulated_sequences/06_03__talking_against_wall__1IXGY2FK,06_03__talking_against_wall__1IXGY2FK,1,15
DFD_manipulated_sequences/15_06__kitchen_pan__QRCD27P8,15_06__kitchen_pan__QRCD27P8,1,15
DFD_manipulated_sequences/21_11__walking_outside_cafe_disgusted__T7DK03O1,21_11__walking_outside_cafe_disgusted__T7DK03O1,1,15
DFD_manipulated_sequences/14_01__hugging_happy__0S0NS5C6,14_01__hugging_happy__0S0NS5C6,1,15
DFD_manipulated_sequences/18_06__podium_speech_happy__M36D0OJT,18_06__podium_speech_happy__M36D0OJT,1,15
DFD_manipulated_sequences/26_20__kitchen_still__34DJQS3E,26_20__kitchen_still__34DJQS3E,1,15
DFD_manipulated_sequences/21_07__walking_down_indoor_hall_disgust__K7KXUHMU,21_07__walking_down_indoor_hall_disgust__K7KXUHMU,1,15
DFD_manipulated_sequences/03_14__kitchen_pan__38OVCK3X,03_14__kitchen_pan__38OVCK3X,1,15
DFD_manipulated_sequences/15_03__podium_speech_happy__OY4I7ZU8,15_03__podium_speech_happy__OY4I7ZU8,1,15
DFD_manipulated_sequences/13_27__walking_outside_cafe_disgusted__A1OSUJE9,13_27__walking_outside_cafe_disgusted__A1OSUJE9,1,15
DFD_manipulated_sequences/18_11__talking_against_wall__R1NMCHKG,18_11__talking_against_wall__R1NMCHKG,1,15
DFD_manipulated_sequences/13_14__outside_talking_pan_laughing__KMQ3AW6A,13_14__outside_talking_pan_laughing__KMQ3AW6A,1,15
DFD_manipulated_sequences/04_01__kitchen_still__6I623VU9,04_01__kitchen_still__6I623VU9,1,15
DFD_manipulated_sequences/22_19__walking_and_outside_surprised__VK6BF5NV,22_19__walking_and_outside_surprised__VK6BF5NV,1,15
DFD_manipulated_sequences/07_03__hugging_happy__W3MXGEU9,07_03__hugging_happy__W3MXGEU9,1,15
DFD_manipulated_sequences/03_14__outside_talking_pan_laughing__0O9TTCJT,03_14__outside_talking_pan_laughing__0O9TTCJT,1,15
DFD_manipulated_sequences/13_03__talking_against_wall__GBYWJW06,13_03__talking_against_wall__GBYWJW06,1,15
DFD_manipulated_sequences/12_13__walking_and_outside_surprised__Q442U52P,12_13__walking_and_outside_surprised__Q442U52P,1,15
DFD_manipulated_sequences/06_03__hugging_happy__4I8LRXWF,06_03__hugging_happy__4I8LRXWF,1,15
DFD_manipulated_sequences/06_18__walking_outside_cafe_disgusted__OWJY9LQU,06_18__walking_outside_cafe_disgusted__OWJY9LQU,1,15
DFD_manipulated_sequences/21_03__exit_phone_room__V53E3RVB,21_03__exit_phone_room__V53E3RVB,1,15
DFD_manipulated_sequences/14_26__podium_speech_happy__ILLP29ZH,14_26__podium_speech_happy__ILLP29ZH,1,15
DFD_manipulated_sequences/13_03__walking_outside_cafe_disgusted__GBYWJW06,13_03__walking_outside_cafe_disgusted__GBYWJW06,1,15
DFD_manipulated_sequences/02_27__kitchen_pan__3L1MLH3D,02_27__kitchen_pan__3L1MLH3D,1,15
DFD_manipulated_sequences/15_03__kitchen_pan__AIOM1U5V,15_03__kitchen_pan__AIOM1U5V,1,15
DFD_manipulated_sequences/13_20__walk_down_hall_angry__LXLR1B6N,13_20__walk_down_hall_angry__LXLR1B6N,1,15
DFD_manipulated_sequences/12_20__walk_down_hall_angry__B0X1CGG2,12_20__walk_down_hall_angry__B0X1CGG2,1,15
DFD_manipulated_sequences/25_26__walking_down_street_outside_angry__157Z8P8P,25_26__walking_down_street_outside_angry__157Z8P8P,1,15
DFD_manipulated_sequences/22_10__walking_and_outside_surprised__G48B2EQ2,22_10__walking_and_outside_surprised__G48B2EQ2,1,15
DFD_manipulated_sequences/02_18__kitchen_still__B95S4G6F,02_18__kitchen_still__B95S4G6F,1,15
DFD_manipulated_sequences/22_23__walk_down_hall_angry__J671JKCH,22_23__walk_down_hall_angry__J671JKCH,1,15
DFD_manipulated_sequences/26_04__kitchen_pan__WX836VLY,26_04__kitchen_pan__WX836VLY,1,15
DFD_manipulated_sequences/02_14__secret_conversation__3IUBEKCT,02_14__secret_conversation__3IUBEKCT,1,15
DFD_manipulated_sequences/24_23__kitchen_pan__YR5OVD4S,24_23__kitchen_pan__YR5OVD4S,1,15
DFD_manipulated_sequences/14_15__hugging_happy__4SO1CSAM,14_15__hugging_happy__4SO1CSAM,1,15
DFD_manipulated_sequences/05_16__hugging_happy__053HPS1G,05_16__hugging_happy__053HPS1G,1,15
DFD_manipulated_sequences/16_17__outside_talking_pan_laughing__EWJJTZHY,16_17__outside_talking_pan_laughing__EWJJTZHY,1,15
DFD_manipulated_sequences/15_02__talking_against_wall__MZWH8ATN,15_02__talking_against_wall__MZWH8ATN,1,15
DFD_manipulated_sequences/18_14__exit_phone_room__0YRBHIKG,18_14__exit_phone_room__0YRBHIKG,1,15
DFD_manipulated_sequences/27_26__kitchen_pan__IE9N0ZI9,27_26__kitchen_pan__IE9N0ZI9,1,15
DFD_manipulated_sequences/09_03__walk_down_hall_angry__8DTEGQ54,09_03__walk_down_hall_angry__8DTEGQ54,1,15
DFD_manipulated_sequences/13_20__walk_down_hall_angry__HQHYKNGK,13_20__walk_down_hall_angry__HQHYKNGK,1,15
DFD_manipulated_sequences/15_02__talking_angry_couch__I8G2LWD1,15_02__talking_angry_couch__I8G2LWD1,1,15
DFD_manipulated_sequences/19_22__kitchen_still__VK6BF5NV,19_22__kitchen_still__VK6BF5NV,1,15
DFD_manipulated_sequences/14_02__kitchen_pan__3IUBEKCT,14_02__kitchen_pan__3IUBEKCT,1,15
DFD_manipulated_sequences/04_03__talking_angry_couch__T04P6ELC,04_03__talking_angry_couch__T04P6ELC,1,15
DFD_manipulated_sequences/27_18__kitchen_pan__BSOLX3SI,27_18__kitchen_pan__BSOLX3SI,1,15
DFD_manipulated_sequences/26_09__outside_talking_still_laughing__QSE5A0GF,26_09__outside_talking_still_laughing__QSE5A0GF,1,15
DFD_manipulated_sequences/21_03__kitchen_pan__YCSEBZO4,21_03__kitchen_pan__YCSEBZO4,1,15
DFD_manipulated_sequences/20_13__talking_against_wall__43KAHOT2,20_13__talking_against_wall__43KAHOT2,1,15
DFD_manipulated_sequences/03_06__talking_against_wall__1IXGY2FK,03_06__talking_against_wall__1IXGY2FK,1,15
DFD_manipulated_sequences/07_14__walking_down_street_outside_angry__VOX29AK0,07_14__walking_down_street_outside_angry__VOX29AK0,1,15
DFD_manipulated_sequences/13_20__outside_talking_pan_laughing__C50CSOEX,13_20__outside_talking_pan_laughing__C50CSOEX,1,15
DFD_manipulated_sequences/05_16__talking_against_wall__U9WZI5LK,05_16__talking_against_wall__U9WZI5LK,1,15
DFD_manipulated_sequences/28_16__podium_speech_happy__ZA8XJIE9,28_16__podium_speech_happy__ZA8XJIE9,1,15
DFD_manipulated_sequences/23_19__podium_speech_happy__D1K19NUP,23_19__podium_speech_happy__D1K19NUP,1,15
DFD_manipulated_sequences/18_02__exit_phone_room__B95S4G6F,18_02__exit_phone_room__B95S4G6F,1,15
DFD_manipulated_sequences/06_02__walking_down_street_outside_angry__0M6JNS5D,06_02__walking_down_street_outside_angry__0M6JNS5D,1,15
DFD_manipulated_sequences/01_04__walking_and_outside_surprised__GBC7ZGDP,01_04__walking_and_outside_surprised__GBC7ZGDP,1,15
DFD_manipulated_sequences/20_13__outside_talking_pan_laughing__C50CSOEX,20_13__outside_talking_pan_laughing__C50CSOEX,1,15
DFD_manipulated_sequences/08_05__exit_phone_room__BGI70HJ5,08_05__exit_phone_room__BGI70HJ5,1,15
DFD_manipulated_sequences/06_27__hugging_happy__S3T7SK9O,06_27__hugging_happy__S3T7SK9O,1,15
DFD_manipulated_sequences/12_13__outside_talking_still_laughing__N8IGC93J,12_13__outside_talking_still_laughing__N8IGC93J,1,15
DFD_manipulated_sequences/14_26__talking_angry_couch__SU8SAHTT,14_26__talking_angry_couch__SU8SAHTT,1,15
DFD_manipulated_sequences/02_07__kitchen_still__1ZE4HC06,02_07__kitchen_still__1ZE4HC06,1,15
DFD_manipulated_sequences/09_01__talking_angry_couch__6TSGVLHA,09_01__talking_angry_couch__6TSGVLHA,1,15
DFD_manipulated_sequences/12_15__walking_and_outside_surprised__N0SRODQD,12_15__walking_and_outside_surprised__N0SRODQD,1,15
DFD_manipulated_sequences/27_04__hugging_happy__2CCI2ND1,27_04__hugging_happy__2CCI2ND1,1,15
DFD_manipulated_sequences/18_02__kitchen_still__B95S4G6F,18_02__kitchen_still__B95S4G6F,1,15
DFD_manipulated_sequences/26_20__kitchen_pan__C8GN41DU,26_20__kitchen_pan__C8GN41DU,1,15
DFD_manipulated_sequences/02_13__walking_outside_cafe_disgusted__AROBAY8R,02_13__walking_outside_cafe_disgusted__AROBAY8R,1,15
DFD_manipulated_sequences/14_09__walking_down_street_outside_angry__6TEK3ZX0,14_09__walking_down_street_outside_angry__6TEK3ZX0,1,15
DFD_manipulated_sequences/04_26__talking_angry_couch__MS2MLJP1,04_26__talking_angry_couch__MS2MLJP1,1,15
DFD_manipulated_sequences/15_02__hugging_happy__SB6PMCO0,15_02__hugging_happy__SB6PMCO0,1,15
DFD_manipulated_sequences/11_26__outside_talking_pan_laughing__ALJ0OHNM,11_26__outside_talking_pan_laughing__ALJ0OHNM,1,15
DFD_manipulated_sequences/06_07__talking_against_wall__NMGYPBXE,06_07__talking_against_wall__NMGYPBXE,1,15
DFD_manipulated_sequences/15_18__walking_and_outside_surprised__V5VHLCOW,15_18__walking_and_outside_surprised__V5VHLCOW,1,15
DFD_manipulated_sequences/04_13__walking_down_street_outside_angry__00T3UYOR,04_13__walking_down_street_outside_angry__00T3UYOR,1,15
DFD_manipulated_sequences/20_12__kitchen_still__VD7BCF1U,20_12__kitchen_still__VD7BCF1U,1,15
DFD_manipulated_sequences/13_02__kitchen_pan__CP5HFV3K,13_02__kitchen_pan__CP5HFV3K,1,15
DFD_manipulated_sequences/10_23__talking_against_wall__W02WYPCX,10_23__talking_against_wall__W02WYPCX,1,15
DFD_manipulated_sequences/20_21__kitchen_still__ZCB5OMEW,20_21__kitchen_still__ZCB5OMEW,1,15
DFD_manipulated_sequences/06_14__talking_angry_couch__8U9ULZDT,06_14__talking_angry_couch__8U9ULZDT,1,15
DFD_manipulated_sequences/27_06__walking_outside_cafe_disgusted__S3T7SK9O,27_06__walking_outside_cafe_disgusted__S3T7SK9O,1,15
DFD_manipulated_sequences/12_25__walking_and_outside_surprised__G26LG5N7,12_25__walking_and_outside_surprised__G26LG5N7,1,15
DFD_manipulated_sequences/19_24__walk_down_hall_angry__QD5K7BP2,19_24__walk_down_hall_angry__QD5K7BP2,1,15
DFD_manipulated_sequences/15_02__talking_against_wall__TSRK8QS4,15_02__talking_against_wall__TSRK8QS4,1,15
DFD_manipulated_sequences/05_17__walking_outside_cafe_disgusted__C4VHXZFY,05_17__walking_outside_cafe_disgusted__C4VHXZFY,1,15
DFD_manipulated_sequences/02_15__outside_talking_still_laughing__HTG660F8,02_15__outside_talking_still_laughing__HTG660F8,1,15
DFD_manipulated_sequences/20_25__hugging_happy__M86GQTHK,20_25__hugging_happy__M86GQTHK,1,15
DFD_manipulated_sequences/10_22__exit_phone_room__G48B2EQ2,10_22__exit_phone_room__G48B2EQ2,1,15
DFD_manipulated_sequences/02_06__meeting_serious__0M6JNS5D,02_06__meeting_serious__0M6JNS5D,1,15
DFD_manipulated_sequences/21_14__outside_talking_still_laughing__N0WM4GSV,21_14__outside_talking_still_laughing__N0WM4GSV,1,15
DFD_manipulated_sequences/22_10__walk_down_hall_angry__FY7YI0AJ,22_10__walk_down_hall_angry__FY7YI0AJ,1,15
DFD_manipulated_sequences/11_01__podium_speech_happy__WIZ7GKOD,11_01__podium_speech_happy__WIZ7GKOD,1,15
DFD_manipulated_sequences/27_13__outside_talking_pan_laughing__A1OSUJE9,27_13__outside_talking_pan_laughing__A1OSUJE9,1,15
DFD_manipulated_sequences/18_26__kitchen_still__UMEX6HWU,18_26__kitchen_still__UMEX6HWU,1,15
DFD_manipulated_sequences/18_14__walking_outside_cafe_disgusted__0YRBHIKG,18_14__walking_outside_cafe_disgusted__0YRBHIKG,1,15
DFD_manipulated_sequences/04_01__exit_phone_room__0XUW13RW,04_01__exit_phone_room__0XUW13RW,1,15
DFD_manipulated_sequences/27_13__walking_and_outside_surprised__A1OSUJE9,27_13__walking_and_outside_surprised__A1OSUJE9,1,15
DFD_manipulated_sequences/16_05__podium_speech_happy__SYY41YGX,16_05__podium_speech_happy__SYY41YGX,1,15
DFD_manipulated_sequences/24_22__talking_against_wall__XL557XC6,24_22__talking_against_wall__XL557XC6,1,15
DFD_manipulated_sequences/02_07__meeting_serious__1H07DFQJ,02_07__meeting_serious__1H07DFQJ,1,15
DFD_manipulated_sequences/04_26__walking_down_street_outside_angry__WX836VLY,04_26__walking_down_street_outside_angry__WX836VLY,1,15
DFD_manipulated_sequences/19_23__walking_outside_cafe_disgusted__H4SUVFTL,19_23__walking_outside_cafe_disgusted__H4SUVFTL,1,15
DFD_manipulated_sequences/05_08__talking_against_wall__PRBCE28Z,05_08__talking_against_wall__PRBCE28Z,1,15
DFD_manipulated_sequences/12_02__outside_talking_pan_laughing__9D2ZHEKW,12_02__outside_talking_pan_laughing__9D2ZHEKW,1,15
DFD_manipulated_sequences/23_22__outside_talking_pan_laughing__J671JKCH,23_22__outside_talking_pan_laughing__J671JKCH,1,15
DFD_manipulated_sequences/26_07__podium_speech_happy__FGNGC2GT,26_07__podium_speech_happy__FGNGC2GT,1,15
DFD_manipulated_sequences/16_28__kitchen_still__NAZP864W,16_28__kitchen_still__NAZP864W,1,15
DFD_manipulated_sequences/11_01__exit_phone_room__4OJNJLOO,11_01__exit_phone_room__4OJNJLOO,1,15
DFD_manipulated_sequences/12_14__podium_speech_happy__Z7EWFA0P,12_14__podium_speech_happy__Z7EWFA0P,1,15
DFD_manipulated_sequences/05_16__kitchen_still__053HPS1G,05_16__kitchen_still__053HPS1G,1,15
DFD_manipulated_sequences/13_25__outside_talking_still_laughing__PBM86HKZ,13_25__outside_talking_still_laughing__PBM86HKZ,1,15
DFD_manipulated_sequences/06_18__walking_and_outside_surprised__MVXBDKGB,06_18__walking_and_outside_surprised__MVXBDKGB,1,15
DFD_manipulated_sequences/06_12__walk_down_hall_angry__3K21NFNM,06_12__walk_down_hall_angry__3K21NFNM,1,15
DFD_manipulated_sequences/03_27__walking_and_outside_surprised__KWGI1LSZ,03_27__walking_and_outside_surprised__KWGI1LSZ,1,15
DFD_manipulated_sequences/06_04__talking_against_wall__ZK95PQDE,06_04__talking_against_wall__ZK95PQDE,1,15
DFD_manipulated_sequences/06_03__hugging_happy__1IXGY2FK,06_03__hugging_happy__1IXGY2FK,1,15
DFD_manipulated_sequences/02_21__outside_talking_still_laughing__Z0XHPQAR,02_21__outside_talking_still_laughing__Z0XHPQAR,1,15
DFD_manipulated_sequences/11_03__outside_talking_pan_laughing__P08VGHTA,11_03__outside_talking_pan_laughing__P08VGHTA,1,15
DFD_manipulated_sequences/08_28__podium_speech_happy__GGCUYQA4,08_28__podium_speech_happy__GGCUYQA4,1,15
DFD_manipulated_sequences/15_07__podium_speech_happy__KM6M2TBT,15_07__podium_speech_happy__KM6M2TBT,1,15
DFD_manipulated_sequences/07_02__walk_down_hall_angry__O4SXNLRL,07_02__walk_down_hall_angry__O4SXNLRL,1,15
DFD_manipulated_sequences/26_14__kitchen_pan__ILLP29ZH,26_14__kitchen_pan__ILLP29ZH,1,15
DFD_manipulated_sequences/13_02__hugging_happy__PLNVLO74,13_02__hugging_happy__PLNVLO74,1,15
DFD_manipulated_sequences/03_15__kitchen_pan__DNUJD8M2,03_15__kitchen_pan__DNUJD8M2,1,15
DFD_manipulated_sequences/27_07__kitchen_pan__B5S6XY2L,27_07__kitchen_pan__B5S6XY2L,1,15
DFD_manipulated_sequences/02_27__walking_outside_cafe_disgusted__3L1MLH3D,02_27__walking_outside_cafe_disgusted__3L1MLH3D,1,15
DFD_manipulated_sequences/12_01__outside_talking_still_laughing__TNI7KUZ6,12_01__outside_talking_still_laughing__TNI7KUZ6,1,15
DFD_manipulated_sequences/21_09__talking_against_wall__JEELOMN2,21_09__talking_against_wall__JEELOMN2,1,15
DFD_manipulated_sequences/02_06__talking_angry_couch__J1W9R0NG,02_06__talking_angry_couch__J1W9R0NG,1,15
DFD_manipulated_sequences/13_02__walking_down_indoor_hall_disgust__AROBAY8R,13_02__walking_down_indoor_hall_disgust__AROBAY8R,1,15
DFD_manipulated_sequences/05_16__walk_down_hall_angry__V7BK27TX,05_16__walk_down_hall_angry__V7BK27TX,1,15
DFD_manipulated_sequences/14_18__walking_outside_cafe_disgusted__0YRBHIKG,14_18__walking_outside_cafe_disgusted__0YRBHIKG,1,15
DFD_manipulated_sequences/14_07__walking_down_indoor_hall_disgust__P9QFO50U,14_07__walking_down_indoor_hall_disgust__P9QFO50U,1,15
DFD_manipulated_sequences/21_07__walking_down_street_outside_angry__K7KXUHMU,21_07__walking_down_street_outside_angry__K7KXUHMU,1,15
DFD_manipulated_sequences/07_03__podium_speech_happy__IFSURI9X,07_03__podium_speech_happy__IFSURI9X,1,15
DFD_manipulated_sequences/01_27__hugging_happy__ZYCZ30C0,01_27__hugging_happy__ZYCZ30C0,1,15
DFD_manipulated_sequences/20_01__walking_and_outside_surprised__6UBMLXK3,20_01__walking_and_outside_surprised__6UBMLXK3,1,15
DFD_manipulated_sequences/18_27__outside_talking_still_laughing__NYHE8D0J,18_27__outside_talking_still_laughing__NYHE8D0J,1,15
DFD_manipulated_sequences/18_26__walking_outside_cafe_disgusted__UMEX6HWU,18_26__walking_outside_cafe_disgusted__UMEX6HWU,1,15
DFD_manipulated_sequences/11_01__talking_against_wall__P06JKA75,11_01__talking_against_wall__P06JKA75,1,15
DFD_manipulated_sequences/21_11__hugging_happy__USLHUQDI,21_11__hugging_happy__USLHUQDI,1,15
DFD_manipulated_sequences/03_06__meeting_serious__1IXGY2FK,03_06__meeting_serious__1IXGY2FK,1,15
DFD_manipulated_sequences/12_04__kitchen_still__96TQKDFJ,12_04__kitchen_still__96TQKDFJ,1,15
DFD_manipulated_sequences/26_09__kitchen_pan__C3K20JOL,26_09__kitchen_pan__C3K20JOL,1,15
DFD_manipulated_sequences/14_07__talking_against_wall__P9QFO50U,14_07__talking_against_wall__P9QFO50U,1,15
DFD_manipulated_sequences/07_03__podium_speech_happy__CDSNLDQ8,07_03__podium_speech_happy__CDSNLDQ8,1,15
DFD_manipulated_sequences/25_07__walking_outside_cafe_disgusted__PAE9HCA8,25_07__walking_outside_cafe_disgusted__PAE9HCA8,1,15
DFD_manipulated_sequences/13_11__kitchen_pan__61T622EK,13_11__kitchen_pan__61T622EK,1,15
DFD_manipulated_sequences/21_07__exit_phone_room__K7KXUHMU,21_07__exit_phone_room__K7KXUHMU,1,15
DFD_manipulated_sequences/18_27__walk_down_hall_angry__NYHE8D0J,18_27__walk_down_hall_angry__NYHE8D0J,1,15
DFD_manipulated_sequences/10_19__walking_down_street_outside_angry__IDX76N5R,10_19__walking_down_street_outside_angry__IDX76N5R,1,15
DFD_manipulated_sequences/26_07__kitchen_pan__FGNGC2GT,26_07__kitchen_pan__FGNGC2GT,1,15
DFD_manipulated_sequences/06_12__outside_talking_pan_laughing__3K21NFNM,06_12__outside_talking_pan_laughing__3K21NFNM,1,15
DFD_manipulated_sequences/07_26__walking_down_street_outside_angry__FGNGC2GT,07_26__walking_down_street_outside_angry__FGNGC2GT,1,15
DFD_manipulated_sequences/10_23__outside_talking_still_laughing__CU6SNBFZ,10_23__outside_talking_still_laughing__CU6SNBFZ,1,15
DFD_manipulated_sequences/26_25__outside_talking_pan_laughing__157Z8P8P,26_25__outside_talking_pan_laughing__157Z8P8P,1,15
DFD_manipulated_sequences/02_06__walking_outside_cafe_disgusted__GH8TGTBS,02_06__walking_outside_cafe_disgusted__GH8TGTBS,1,15
DFD_manipulated_sequences/28_05__kitchen_pan__W3J028UG,28_05__kitchen_pan__W3J028UG,1,15
DFD_manipulated_sequences/20_14__walk_down_hall_angry__R7SPX6OK,20_14__walk_down_hall_angry__R7SPX6OK,1,15
DFD_manipulated_sequences/21_14__walk_down_hall_angry__N0WM4GSV,21_14__walk_down_hall_angry__N0WM4GSV,1,15
DFD_manipulated_sequences/02_04__walk_down_hall_angry__8CH7R4LW,02_04__walk_down_hall_angry__8CH7R4LW,1,15
DFD_manipulated_sequences/04_01__podium_speech_happy__0XUW13RW,04_01__podium_speech_happy__0XUW13RW,1,15
DFD_manipulated_sequences/15_12__walking_and_outside_surprised__N0SRODQD,15_12__walking_and_outside_surprised__N0SRODQD,1,15
DFD_manipulated_sequences/23_10__outside_talking_pan_laughing__ZHJO34DY,23_10__outside_talking_pan_laughing__ZHJO34DY,1,15
DFD_manipulated_sequences/01_20__walking_and_outside_surprised__OTGHOG4Z,01_20__walking_and_outside_surprised__OTGHOG4Z,1,15
DFD_manipulated_sequences/01_11__walking_outside_cafe_disgusted__FAFWDR4W,01_11__walking_outside_cafe_disgusted__FAFWDR4W,1,15
DFD_manipulated_sequences/07_03__talking_against_wall__IFSURI9X,07_03__talking_against_wall__IFSURI9X,1,15
DFD_manipulated_sequences/07_04__outside_talking_still_laughing__XRK7FGZX,07_04__outside_talking_still_laughing__XRK7FGZX,1,15
DFD_manipulated_sequences/26_13__kitchen_still__SU8J9CBG,26_13__kitchen_still__SU8J9CBG,1,15
DFD_manipulated_sequences/20_25__outside_talking_still_laughing__DW2L6D2V,20_25__outside_talking_still_laughing__DW2L6D2V,1,15
DFD_manipulated_sequences/07_27__kitchen_still__3RH5PR6S,07_27__kitchen_still__3RH5PR6S,1,15
DFD_manipulated_sequences/26_14__exit_phone_room__SU8SAHTT,26_14__exit_phone_room__SU8SAHTT,1,15
DFD_manipulated_sequences/01_20__walking_and_outside_surprised__6UBMLXK3,01_20__walking_and_outside_surprised__6UBMLXK3,1,15
DFD_manipulated_sequences/28_05__podium_speech_happy__VR9127O1,28_05__podium_speech_happy__VR9127O1,1,15
DFD_manipulated_sequences/03_21__outside_talking_still_laughing__V53E3RVB,03_21__outside_talking_still_laughing__V53E3RVB,1,15
DFD_manipulated_sequences/19_23__outside_talking_pan_laughing__H4SUVFTL,19_23__outside_talking_pan_laughing__H4SUVFTL,1,15
DFD_manipulated_sequences/04_11__outside_talking_still_laughing__8FD8U22M,04_11__outside_talking_still_laughing__8FD8U22M,1,15
DFD_manipulated_sequences/11_18__walking_down_street_outside_angry__PT4YKO2R,11_18__walking_down_street_outside_angry__PT4YKO2R,1,15
DFD_manipulated_sequences/16_08__talking_against_wall__8Q7JCS95,16_08__talking_against_wall__8Q7JCS95,1,15
DFD_manipulated_sequences/26_09__exit_phone_room__XXGYLT82,26_09__exit_phone_room__XXGYLT82,1,15
DFD_manipulated_sequences/02_01__talking_against_wall__YVGY8LOK,02_01__talking_against_wall__YVGY8LOK,1,15
DFD_manipulated_sequences/07_02__walk_down_hall_angry__U7DEOZNV,07_02__walk_down_hall_angry__U7DEOZNV,1,15
DFD_manipulated_sequences/02_15__walking_down_street_outside_angry__I8G2LWD1,02_15__walking_down_street_outside_angry__I8G2LWD1,1,15
DFD_manipulated_sequences/20_13__hugging_happy__HQHYKNGK,20_13__hugging_happy__HQHYKNGK,1,15
DFD_manipulated_sequences/27_03__podium_speech_happy__72BPN7A1,27_03__podium_speech_happy__72BPN7A1,1,15
DFD_manipulated_sequences/21_14__walking_and_outside_surprised__N0WM4GSV,21_14__walking_and_outside_surprised__N0WM4GSV,1,15
DFD_manipulated_sequences/28_05__secret_conversation__V20UNLJ5,28_05__secret_conversation__V20UNLJ5,1,15
DFD_manipulated_sequences/18_06__walking_down_street_outside_angry__UIQG2RF4,18_06__walking_down_street_outside_angry__UIQG2RF4,1,15
DFD_manipulated_sequences/11_21__exit_phone_room__1EAA3MPV,11_21__exit_phone_room__1EAA3MPV,1,15
DFD_manipulated_sequences/18_03__outside_talking_pan_laughing__32DBR8L4,18_03__outside_talking_pan_laughing__32DBR8L4,1,15
DFD_manipulated_sequences/09_21__talking_against_wall__LBQF8ZN1,09_21__talking_against_wall__LBQF8ZN1,1,15
DFD_manipulated_sequences/15_02__walking_and_outside_surprised__MZWH8ATN,15_02__walking_and_outside_surprised__MZWH8ATN,1,15
DFD_manipulated_sequences/24_19__secret_conversation__QD5K7BP2,24_19__secret_conversation__QD5K7BP2,1,13
DFD_manipulated_sequences/07_03__outside_talking_still_laughing__IFSURI9X,07_03__outside_talking_still_laughing__IFSURI9X,1,15
DFD_manipulated_sequences/10_19__talking_angry_couch__BVVPN5D5,10_19__talking_angry_couch__BVVPN5D5,1,15
DFD_manipulated_sequences/15_03__walking_down_street_outside_angry__DG8ITQO3,15_03__walking_down_street_outside_angry__DG8ITQO3,1,15
DFD_manipulated_sequences/28_16__exit_phone_room__OANAQYD5,28_16__exit_phone_room__OANAQYD5,1,15
DFD_manipulated_sequences/16_17__walking_outside_cafe_disgusted__S7UMSIQV,16_17__walking_outside_cafe_disgusted__S7UMSIQV,1,15
DFD_manipulated_sequences/07_06__podium_speech_happy__NMGYPBXE,07_06__podium_speech_happy__NMGYPBXE,1,15
DFD_manipulated_sequences/07_21__hugging_happy__CRGVSDBI,07_21__hugging_happy__CRGVSDBI,1,15
DFD_manipulated_sequences/11_18__podium_speech_happy__DBSWZLXL,11_18__podium_speech_happy__DBSWZLXL,1,15
DFD_manipulated_sequences/13_20__walking_down_indoor_hall_disgust__VO2YZXLN,13_20__walking_down_indoor_hall_disgust__VO2YZXLN,1,15
DFD_manipulated_sequences/03_01__podium_speech_happy__480LQD1C,03_01__podium_speech_happy__480LQD1C,1,15
DFD_manipulated_sequences/02_04__outside_talking_still_laughing__8CH7R4LW,02_04__outside_talking_still_laughing__8CH7R4LW,1,15
DFD_manipulated_sequences/12_06__podium_speech_happy__0VR4Y891,12_06__podium_speech_happy__0VR4Y891,1,15
DFD_manipulated_sequences/13_15__walk_down_hall_angry__X0EIIJF7,13_15__walk_down_hall_angry__X0EIIJF7,1,15
DFD_manipulated_sequences/20_15__walking_down_indoor_hall_disgust__CYD62VPP,20_15__walking_down_indoor_hall_disgust__CYD62VPP,1,15
DFD_manipulated_sequences/02_18__exit_phone_room__B95S4G6F,02_18__exit_phone_room__B95S4G6F,1,15
DFD_manipulated_sequences/11_01__podium_speech_happy__FCNL2OVP,11_01__podium_speech_happy__FCNL2OVP,1,15
DFD_manipulated_sequences/03_01__exit_phone_room__480LQD1C,03_01__exit_phone_room__480LQD1C,1,15
DFD_manipulated_sequences/03_07__kitchen_still__WPT3Z2KN,03_07__kitchen_still__WPT3Z2KN,1,15
DFD_manipulated_sequences/03_15__walking_down_indoor_hall_disgust__OY4I7ZU8,03_15__walking_down_indoor_hall_disgust__OY4I7ZU8,1,15
DFD_manipulated_sequences/02_15__talking_against_wall__P2FAY3DR,02_15__talking_against_wall__P2FAY3DR,1,15
DFD_manipulated_sequences/18_06__walking_outside_cafe_disgusted__OWJY9LQU,18_06__walking_outside_cafe_disgusted__OWJY9LQU,1,15
DFD_manipulated_sequences/03_14__meeting_serious__KJ221YN0,03_14__meeting_serious__KJ221YN0,1,15
DFD_manipulated_sequences/24_19__kitchen_pan__QD5K7BP2,24_19__kitchen_pan__QD5K7BP2,1,15
DFD_manipulated_sequences/27_25__outside_talking_still_laughing__1KU29EUL,27_25__outside_talking_still_laughing__1KU29EUL,1,15
DFD_manipulated_sequences/12_01__kitchen_pan__TNI7KUZ6,12_01__kitchen_pan__TNI7KUZ6,1,15
DFD_manipulated_sequences/14_13__walking_down_indoor_hall_disgust__KMQ3AW6A,14_13__walking_down_indoor_hall_disgust__KMQ3AW6A,1,15
DFD_manipulated_sequences/13_09__exit_phone_room__BVZGDFD8,13_09__exit_phone_room__BVZGDFD8,1,15
DFD_manipulated_sequences/20_07__outside_talking_pan_laughing__5VT4USF9,20_07__outside_talking_pan_laughing__5VT4USF9,1,15
DFD_manipulated_sequences/05_17__walking_down_street_outside_angry__M3H96PDQ,05_17__walking_down_street_outside_angry__M3H96PDQ,1,15
DFD_manipulated_sequences/13_25__walking_down_street_outside_angry__IW9OFVMG,13_25__walking_down_street_outside_angry__IW9OFVMG,1,15
DFD_manipulated_sequences/15_06__hugging_happy__QRCD27P8,15_06__hugging_happy__QRCD27P8,1,15
DFD_manipulated_sequences/26_12__outside_talking_still_laughing__FWFQ5YB8,26_12__outside_talking_still_laughing__FWFQ5YB8,1,15
DFD_manipulated_sequences/18_11__talking_against_wall__Z5MZ8PP7,18_11__talking_against_wall__Z5MZ8PP7,1,15
DFD_manipulated_sequences/17_08__podium_speech_happy__ISS1V0B1,17_08__podium_speech_happy__ISS1V0B1,1,15
DFD_manipulated_sequences/16_05__walking_outside_cafe_disgusted__94435UY3,16_05__walking_outside_cafe_disgusted__94435UY3,1,15
DFD_manipulated_sequences/26_03__podium_speech_happy__WBSXBL82,26_03__podium_speech_happy__WBSXBL82,1,15
DFD_manipulated_sequences/20_13__kitchen_still__NJEO6L5O,20_13__kitchen_still__NJEO6L5O,1,15
DFD_manipulated_sequences/27_06__kitchen_still__SZWVBWY4,27_06__kitchen_still__SZWVBWY4,1,15
DFD_manipulated_sequences/02_27__outside_talking_pan_laughing__XFSH3BW7,02_27__outside_talking_pan_laughing__XFSH3BW7,1,15
DFD_manipulated_sequences/26_04__talking_angry_couch__WX836VLY,26_04__talking_angry_couch__WX836VLY,1,15
DFD_manipulated_sequences/05_08__kitchen_still__LVIZ2X8P,05_08__kitchen_still__LVIZ2X8P,1,15
DFD_manipulated_sequences/03_11__talking_against_wall__VLCLB0AU,03_11__talking_against_wall__VLCLB0AU,1,15
DFD_manipulated_sequences/17_16__walking_down_indoor_hall_disgust__P141P1QH,17_16__walking_down_indoor_hall_disgust__P141P1QH,1,15
DFD_manipulated_sequences/13_12__podium_speech_happy__2TM4IFSF,13_12__podium_speech_happy__2TM4IFSF,1,15
DFD_manipulated_sequences/04_13__walking_outside_cafe_disgusted__00T3UYOR,04_13__walking_outside_cafe_disgusted__00T3UYOR,1,15
DFD_manipulated_sequences/15_02__kitchen_still__HTG660F8,15_02__kitchen_still__HTG660F8,1,15
DFD_manipulated_sequences/21_25__walking_down_indoor_hall_disgust__2R46UX3R,21_25__walking_down_indoor_hall_disgust__2R46UX3R,1,15
DFD_manipulated_sequences/20_09__kitchen_pan__MKEWB4SM,20_09__kitchen_pan__MKEWB4SM,1,15
DFD_manipulated_sequences/27_02__talking_against_wall__B3XHKO27,27_02__talking_against_wall__B3XHKO27,1,15
DFD_manipulated_sequences/17_16__hugging_happy__S7UMSIQV,17_16__hugging_happy__S7UMSIQV,1,15
DFD_manipulated_sequences/10_22__talking_angry_couch__FY7YI0AJ,10_22__talking_angry_couch__FY7YI0AJ,1,15
DFD_manipulated_sequences/25_15__walking_down_street_outside_angry__BXVA6VQB,25_15__walking_down_street_outside_angry__BXVA6VQB,1,15
DFD_manipulated_sequences/03_14__walking_down_street_outside_angry__H0VQHGS3,03_14__walking_down_street_outside_angry__H0VQHGS3,1,15
DFD_manipulated_sequences/02_09__hugging_happy__9TDCEK1Q,02_09__hugging_happy__9TDCEK1Q,1,15
DFD_manipulated_sequences/14_20__walking_down_indoor_hall_disgust__R7SPX6OK,14_20__walking_down_indoor_hall_disgust__R7SPX6OK,1,15
DFD_manipulated_sequences/07_02__talking_against_wall__O4SXNLRL,07_02__talking_against_wall__O4SXNLRL,1,15
DFD_manipulated_sequences/28_08__exit_phone_room__5DCAESDA,28_08__exit_phone_room__5DCAESDA,1,15
DFD_manipulated_sequences/06_02__walking_down_indoor_hall_disgust__U6MDWIHG,06_02__walking_down_indoor_hall_disgust__U6MDWIHG,1,15
DFD_manipulated_sequences/12_18__walking_outside_cafe_disgusted__IKH1LBBY,12_18__walking_outside_cafe_disgusted__IKH1LBBY,1,15
DFD_manipulated_sequences/20_27__kitchen_pan__LM907ECA,20_27__kitchen_pan__LM907ECA,1,15
DFD_manipulated_sequences/20_09__podium_speech_happy__RAGUKRMK,20_09__podium_speech_happy__RAGUKRMK,1,15
DFD_manipulated_sequences/20_03__secret_conversation__Z6V05FXO,20_03__secret_conversation__Z6V05FXO,1,15
DFD_manipulated_sequences/22_24__walking_and_outside_surprised__7E3GY85F,22_24__walking_and_outside_surprised__7E3GY85F,1,15
DFD_manipulated_sequences/02_27__walking_down_indoor_hall_disgust__YQX5Z8GN,02_27__walking_down_indoor_hall_disgust__YQX5Z8GN,1,15
DFD_manipulated_sequences/27_20__kitchen_pan__LM907ECA,27_20__kitchen_pan__LM907ECA,1,15
DFD_manipulated_sequences/01_09__hugging_happy__SJZRV69J,01_09__hugging_happy__SJZRV69J,1,15
DFD_manipulated_sequences/06_18__outside_talking_still_laughing__M36D0OJT,06_18__outside_talking_still_laughing__M36D0OJT,1,15
DFD_manipulated_sequences/18_06__exit_phone_room__H9445M6R,18_06__exit_phone_room__H9445M6R,1,15
DFD_manipulated_sequences/19_24__walk_down_hall_angry__W1DEM0XM,19_24__walk_down_hall_angry__W1DEM0XM,1,15
DFD_manipulated_sequences/06_25__walk_down_hall_angry__3QQBVBYN,06_25__walk_down_hall_angry__3QQBVBYN,1,15
DFD_manipulated_sequences/11_21__walk_down_hall_angry__T7DK03O1,11_21__walk_down_hall_angry__T7DK03O1,1,15
DFD_manipulated_sequences/24_19__talking_angry_couch__0ZFOV5ZE,24_19__talking_angry_couch__0ZFOV5ZE,1,15
DFD_manipulated_sequences/06_18__outside_talking_still_laughing__DEA1TCLN,06_18__outside_talking_still_laughing__DEA1TCLN,1,15
DFD_manipulated_sequences/09_26__walk_down_hall_angry__QSE5A0GF,09_26__walk_down_hall_angry__QSE5A0GF,1,15
DFD_manipulated_sequences/07_02__exit_phone_room__1JCLEEBQ,07_02__exit_phone_room__1JCLEEBQ,1,15
DFD_manipulated_sequences/21_07__talking_against_wall__MKU99DVX,21_07__talking_against_wall__MKU99DVX,1,15
DFD_manipulated_sequences/22_10__talking_against_wall__X803B18R,22_10__talking_against_wall__X803B18R,1,15
DFD_manipulated_sequences/15_01__kitchen_pan__02HILKYO,15_01__kitchen_pan__02HILKYO,1,15
DFD_manipulated_sequences/02_04__walking_and_outside_surprised__SUIZOXAJ,02_04__walking_and_outside_surprised__SUIZOXAJ,1,15
DFD_manipulated_sequences/15_12__walking_down_indoor_hall_disgust__RK17XFJ9,15_12__walking_down_indoor_hall_disgust__RK17XFJ9,1,15
DFD_manipulated_sequences/07_04__kitchen_pan__M2NBCLFR,07_04__kitchen_pan__M2NBCLFR,1,15
DFD_manipulated_sequences/20_13__kitchen_still__EV1V4ZQV,20_13__kitchen_still__EV1V4ZQV,1,15
DFD_manipulated_sequences/07_02__talking_against_wall__34PVT42V,07_02__talking_against_wall__34PVT42V,1,15
DFD_manipulated_sequences/01_15__exit_phone_room__02HILKYO,01_15__exit_phone_room__02HILKYO,1,15
DFD_manipulated_sequences/19_24__outside_talking_pan_laughing__59PN7WZ2,19_24__outside_talking_pan_laughing__59PN7WZ2,1,15
DFD_manipulated_sequences/28_05__kitchen_pan__2DK5X0Y0,28_05__kitchen_pan__2DK5X0Y0,1,15
DFD_manipulated_sequences/06_15__podium_speech_happy__QRCD27P8,06_15__podium_speech_happy__QRCD27P8,1,15
DFD_manipulated_sequences/20_15__podium_speech_happy__99NHTFBM,20_15__podium_speech_happy__99NHTFBM,1,15
DFD_manipulated_sequences/27_18__walking_outside_cafe_disgusted__NYHE8D0J,27_18__walking_outside_cafe_disgusted__NYHE8D0J,1,15
DFD_manipulated_sequences/14_07__hugging_happy__P9QFO50U,14_07__hugging_happy__P9QFO50U,1,15
DFD_manipulated_sequences/12_11__talking_against_wall__8NS148U7,12_11__talking_against_wall__8NS148U7,1,15
DFD_manipulated_sequences/14_18__talking_against_wall__A5A1Q467,14_18__talking_against_wall__A5A1Q467,1,15
DFD_manipulated_sequences/09_20__talking_angry_couch__0IRM5ADD,09_20__talking_angry_couch__0IRM5ADD,1,15
DFD_manipulated_sequences/20_12__walk_down_hall_angry__B0X1CGG2,20_12__walk_down_hall_angry__B0X1CGG2,1,15
DFD_manipulated_sequences/20_03__hugging_happy__Z6V05FXO,20_03__hugging_happy__Z6V05FXO,1,15
DFD_manipulated_sequences/23_22__walking_and_outside_surprised__J671JKCH,23_22__walking_and_outside_surprised__J671JKCH,1,15
DFD_manipulated_sequences/09_02__outside_talking_still_laughing__9TDCEK1Q,09_02__outside_talking_still_laughing__9TDCEK1Q,1,15
DFD_manipulated_sequences/20_09__outside_talking_still_laughing__98NUQ3E6,20_09__outside_talking_still_laughing__98NUQ3E6,1,15
DFD_manipulated_sequences/02_14__kitchen_pan__3IUBEKCT,02_14__kitchen_pan__3IUBEKCT,1,15
DFD_manipulated_sequences/03_01__meeting_serious__ISF9SP4G,03_01__meeting_serious__ISF9SP4G,1,15
DFD_manipulated_sequences/07_02__exit_phone_room__9NVRE2KQ,07_02__exit_phone_room__9NVRE2KQ,1,15
DFD_manipulated_sequences/13_12__secret_conversation__2TM4IFSF,13_12__secret_conversation__2TM4IFSF,1,15
DFD_manipulated_sequences/07_21__talking_against_wall__CRGVSDBI,07_21__talking_against_wall__CRGVSDBI,1,15
DFD_manipulated_sequences/15_25__walking_down_street_outside_angry__FF95NMIQ,15_25__walking_down_street_outside_angry__FF95NMIQ,1,15
DFD_manipulated_sequences/18_09__outside_talking_still_laughing__3VP8836C,18_09__outside_talking_still_laughing__3VP8836C,1,15
DFD_manipulated_sequences/04_26__talking_against_wall__WX836VLY,04_26__talking_against_wall__WX836VLY,1,15
DFD_manipulated_sequences/22_23__outside_talking_pan_laughing__TU7RHG0S,22_23__outside_talking_pan_laughing__TU7RHG0S,1,15
DFD_manipulated_sequences/03_15__walking_and_outside_surprised__OY4I7ZU8,03_15__walking_and_outside_surprised__OY4I7ZU8,1,15
DFD_manipulated_sequences/13_20__kitchen_still__2994SNXH,13_20__kitchen_still__2994SNXH,1,15
DFD_manipulated_sequences/23_19__walking_outside_cafe_disgusted__D1K19NUP,23_19__walking_outside_cafe_disgusted__D1K19NUP,1,15
DFD_manipulated_sequences/18_03__walk_down_hall_angry__22UBC0BS,18_03__walk_down_hall_angry__22UBC0BS,1,15
DFD_manipulated_sequences/25_02__talking_against_wall__Z7FQ69VP,25_02__talking_against_wall__Z7FQ69VP,1,15
DFD_manipulated_sequences/15_21__walking_down_indoor_hall_disgust__87WSBJP3,15_21__walking_down_indoor_hall_disgust__87WSBJP3,1,15
DFD_manipulated_sequences/26_07__kitchen_still__FGNGC2GT,26_07__kitchen_still__FGNGC2GT,1,15
DFD_manipulated_sequences/03_07__talking_against_wall__PWXXULHR,03_07__talking_against_wall__PWXXULHR,1,15
DFD_manipulated_sequences/01_03__meeting_serious__JZUXXFRB,01_03__meeting_serious__JZUXXFRB,1,15
DFD_manipulated_sequences/01_20__talking_angry_couch__6UBMLXK3,01_20__talking_angry_couch__6UBMLXK3,1,15
DFD_manipulated_sequences/11_01__kitchen_pan__WIZ7GKOD,11_01__kitchen_pan__WIZ7GKOD,1,15
DFD_manipulated_sequences/06_15__kitchen_still__QRCD27P8,06_15__kitchen_still__QRCD27P8,1,15
DFD_manipulated_sequences/03_11__podium_speech_happy__P08VGHTA,03_11__podium_speech_happy__P08VGHTA,1,15
DFD_manipulated_sequences/01_15__podium_speech_happy__02HILKYO,01_15__podium_speech_happy__02HILKYO,1,15
DFD_manipulated_sequences/04_13__secret_conversation__00T3UYOR,04_13__secret_conversation__00T3UYOR,1,15
DFD_manipulated_sequences/19_10__walking_down_street_outside_angry__QNZIMEJH,19_10__walking_down_street_outside_angry__QNZIMEJH,1,15
DFD_manipulated_sequences/09_01__talking_angry_couch__P70H1JB0,09_01__talking_angry_couch__P70H1JB0,1,15
DFD_manipulated_sequences/23_24__talking_against_wall__YR5OVD4S,23_24__talking_against_wall__YR5OVD4S,1,15
DFD_manipulated_sequences/10_23__outside_talking_pan_laughing__CU6SNBFZ,10_23__outside_talking_pan_laughing__CU6SNBFZ,1,15
DFD_manipulated_sequences/12_14__outside_talking_pan_laughing__Z7EWFA0P,12_14__outside_talking_pan_laughing__Z7EWFA0P,1,15
DFD_manipulated_sequences/18_13__outside_talking_still_laughing__3II4T6H5,18_13__outside_talking_still_laughing__3II4T6H5,1,15
DFD_manipulated_sequences/03_27__walking_down_indoor_hall_disgust__IL675GCI,03_27__walking_down_indoor_hall_disgust__IL675GCI,1,15
DFD_manipulated_sequences/02_09__podium_speech_happy__9TDCEK1Q,02_09__podium_speech_happy__9TDCEK1Q,1,15
DFD_manipulated_sequences/18_14__kitchen_still__0YRBHIKG,18_14__kitchen_still__0YRBHIKG,1,15
DFD_manipulated_sequences/05_16__walking_outside_cafe_disgusted__053HPS1G,05_16__walking_outside_cafe_disgusted__053HPS1G,1,15
DFD_manipulated_sequences/02_09__walking_down_street_outside_angry__6KUOFMZW,02_09__walking_down_street_outside_angry__6KUOFMZW,1,15
DFD_manipulated_sequences/25_15__secret_conversation__BXVA6VQB,25_15__secret_conversation__BXVA6VQB,1,15
DFD_manipulated_sequences/13_14__walking_outside_cafe_disgusted__KMQ3AW6A,13_14__walking_outside_cafe_disgusted__KMQ3AW6A,1,15
DFD_manipulated_sequences/03_09__secret_conversation__8DTEGQ54,03_09__secret_conversation__8DTEGQ54,1,15
DFD_manipulated_sequences/18_02__outside_talking_still_laughing__OXMEEFUQ,18_02__outside_talking_still_laughing__OXMEEFUQ,1,15
DFD_manipulated_sequences/19_10__podium_speech_happy__FFXB67PI,19_10__podium_speech_happy__FFXB67PI,1,15
DFD_manipulated_sequences/07_03__exit_phone_room__WPT3Z2KN,07_03__exit_phone_room__WPT3Z2KN,1,15
DFD_manipulated_sequences/11_02__podium_speech_happy__NZJ1YEWE,11_02__podium_speech_happy__NZJ1YEWE,1,15
DFD_manipulated_sequences/25_09__secret_conversation__ODAQ7BZL,25_09__secret_conversation__ODAQ7BZL,1,15
DFD_manipulated_sequences/19_22__talking_against_wall__VK6BF5NV,19_22__talking_against_wall__VK6BF5NV,1,15
DFD_manipulated_sequences/26_06__podium_speech_happy__L5BVR5L9,26_06__podium_speech_happy__L5BVR5L9,1,15
DFD_manipulated_sequences/18_25__walk_down_hall_angry__AUC0HY5T,18_25__walk_down_hall_angry__AUC0HY5T,1,15
DFD_manipulated_sequences/03_21__kitchen_pan__YCSEBZO4,03_21__kitchen_pan__YCSEBZO4,1,15
DFD_manipulated_sequences/02_06__outside_talking_pan_laughing__N8OSN8P6,02_06__outside_talking_pan_laughing__N8OSN8P6,1,15
DFD_manipulated_sequences/12_13__talking_against_wall__O3SOWBCU,12_13__talking_against_wall__O3SOWBCU,1,15
DFD_manipulated_sequences/27_18__walking_and_outside_surprised__NYHE8D0J,27_18__walking_and_outside_surprised__NYHE8D0J,1,15
DFD_manipulated_sequences/20_09__kitchen_pan__HG1S0KHA,20_09__kitchen_pan__HG1S0KHA,1,15
DFD_manipulated_sequences/26_18__exit_phone_room__AI94QW74,26_18__exit_phone_room__AI94QW74,1,15
DFD_manipulated_sequences/17_05__talking_against_wall__YTJYYDO9,17_05__talking_against_wall__YTJYYDO9,1,15
DFD_manipulated_sequences/02_18__outside_talking_pan_laughing__OXMEEFUQ,02_18__outside_talking_pan_laughing__OXMEEFUQ,1,15
DFD_manipulated_sequences/01_20__outside_talking_still_laughing__6UBMLXK3,01_20__outside_talking_still_laughing__6UBMLXK3,1,15
DFD_manipulated_sequences/20_13__hugging_happy__C50CSOEX,20_13__hugging_happy__C50CSOEX,1,15
DFD_manipulated_sequences/02_06__talking_angry_couch__MKZTXQ2T,02_06__talking_angry_couch__MKZTXQ2T,1,15
DFD_manipulated_sequences/10_23__walk_down_hall_angry__ZHJO34DY,10_23__walk_down_hall_angry__ZHJO34DY,1,15
DFD_manipulated_sequences/26_20__outside_talking_pan_laughing__KGFLR0PH,26_20__outside_talking_pan_laughing__KGFLR0PH,1,15
DFD_manipulated_sequences/15_20__walking_outside_cafe_disgusted__99NHTFBM,15_20__walking_outside_cafe_disgusted__99NHTFBM,1,15
DFD_manipulated_sequences/13_26__exit_phone_room__U5ELHUN5,13_26__exit_phone_room__U5ELHUN5,1,15
DFD_manipulated_sequences/04_26__kitchen_pan__MS2MLJP1,04_26__kitchen_pan__MS2MLJP1,1,15
DFD_manipulated_sequences/13_04__kitchen_pan__00T3UYOR,13_04__kitchen_pan__00T3UYOR,1,15
DFD_manipulated_sequences/04_15__outside_talking_pan_laughing__46TJ9IOJ,04_15__outside_talking_pan_laughing__46TJ9IOJ,1,15
DFD_manipulated_sequences/06_03__walking_down_indoor_hall_disgust__1IXGY2FK,06_03__walking_down_indoor_hall_disgust__1IXGY2FK,1,15
DFD_manipulated_sequences/02_18__walking_and_outside_surprised__B95S4G6F,02_18__walking_and_outside_surprised__B95S4G6F,1,15
DFD_manipulated_sequences/05_16__podium_speech_happy__SYY41YGX,05_16__podium_speech_happy__SYY41YGX,1,15
DFD_manipulated_sequences/07_03__walk_down_hall_angry__6PHZRQ4H,07_03__walk_down_hall_angry__6PHZRQ4H,1,15
DFD_manipulated_sequences/06_26__kitchen_still__L5BVR5L9,06_26__kitchen_still__L5BVR5L9,1,15
DFD_manipulated_sequences/06_07__podium_speech_happy__NMGYPBXE,06_07__podium_speech_happy__NMGYPBXE,1,15
DFD_manipulated_sequences/03_09__outside_talking_still_laughing__RCETIXYL,03_09__outside_talking_still_laughing__RCETIXYL,1,15
DFD_manipulated_sequences/18_26__walk_down_hall_angry__AI94QW74,18_26__walk_down_hall_angry__AI94QW74,1,15
DFD_manipulated_sequences/13_12__podium_speech_happy__N8IGC93J,13_12__podium_speech_happy__N8IGC93J,1,15
DFD_manipulated_sequences/02_07__hugging_happy__1JCLEEBQ,02_07__hugging_happy__1JCLEEBQ,1,15
DFD_manipulated_sequences/20_21__walking_down_street_outside_angry__ZCB5OMEW,20_21__walking_down_street_outside_angry__ZCB5OMEW,1,15
DFD_manipulated_sequences/17_08__exit_phone_room__CFIY1YEQ,17_08__exit_phone_room__CFIY1YEQ,1,15
DFD_manipulated_sequences/11_20__kitchen_still__GNK9UR8K,11_20__kitchen_still__GNK9UR8K,1,15
DFD_manipulated_sequences/19_23__walking_outside_cafe_disgusted__F7U8UY7V,19_23__walking_outside_cafe_disgusted__F7U8UY7V,1,15
DFD_manipulated_sequences/02_15__outside_talking_still_laughing__SB6PMCO0,02_15__outside_talking_still_laughing__SB6PMCO0,1,15
DFD_manipulated_sequences/02_01__walking_and_outside_surprised__YVGY8LOK,02_01__walking_and_outside_surprised__YVGY8LOK,1,15
DFD_manipulated_sequences/06_18__exit_phone_room__XJ76YU5A,06_18__exit_phone_room__XJ76YU5A,1,15
DFD_manipulated_sequences/12_06__talking_against_wall__3K21NFNM,12_06__talking_against_wall__3K21NFNM,1,15
DFD_manipulated_sequences/23_19__walking_and_outside_surprised__H4SUVFTL,23_19__walking_and_outside_surprised__H4SUVFTL,1,15
DFD_manipulated_sequences/02_15__podium_speech_happy__N864L40U,02_15__podium_speech_happy__N864L40U,1,15
DFD_manipulated_sequences/15_02__hugging_happy__XNJIS4S3,15_02__hugging_happy__XNJIS4S3,1,15
DFD_manipulated_sequences/03_02__secret_conversation__QH3Y0IG0,03_02__secret_conversation__QH3Y0IG0,1,15
DFD_manipulated_sequences/01_03__hugging_happy__ISF9SP4G,01_03__hugging_happy__ISF9SP4G,1,15
DFD_manipulated_sequences/05_28__hugging_happy__VR9127O1,05_28__hugging_happy__VR9127O1,1,15
DFD_manipulated_sequences/26_20__podium_speech_happy__XWMKFMF6,26_20__podium_speech_happy__XWMKFMF6,1,15
DFD_manipulated_sequences/15_12__walking_down_street_outside_angry__N0SRODQD,15_12__walking_down_street_outside_angry__N0SRODQD,1,15
DFD_manipulated_sequences/19_24__kitchen_still__0ZFOV5ZE,19_24__kitchen_still__0ZFOV5ZE,1,15
DFD_manipulated_sequences/21_03__talking_against_wall__YCSEBZO4,21_03__talking_against_wall__YCSEBZO4,1,15
DFD_manipulated_sequences/12_26__podium_speech_happy__BFBNM8FR,12_26__podium_speech_happy__BFBNM8FR,1,15
DFD_manipulated_sequences/21_01__talking_angry_couch__03X7CELV,21_01__talking_angry_couch__03X7CELV,1,15
DFD_manipulated_sequences/20_01__secret_conversation__6UBMLXK3,20_01__secret_conversation__6UBMLXK3,1,15
DFD_manipulated_sequences/01_11__meeting_serious__FCNL2OVP,01_11__meeting_serious__FCNL2OVP,1,15
DFD_manipulated_sequences/03_20__meeting_serious__61SVZ2J7,03_20__meeting_serious__61SVZ2J7,1,15
DFD_manipulated_sequences/12_21__kitchen_pan__ME7E3R1D,12_21__kitchen_pan__ME7E3R1D,1,15
DFD_manipulated_sequences/14_18__kitchen_pan__A5A1Q467,14_18__kitchen_pan__A5A1Q467,1,15
DFD_manipulated_sequences/12_06__walk_down_hall_angry__3K21NFNM,12_06__walk_down_hall_angry__3K21NFNM,1,15
DFD_manipulated_sequences/26_13__secret_conversation__XRS5W2NC,26_13__secret_conversation__XRS5W2NC,1,15
DFD_manipulated_sequences/11_03__kitchen_still__P08VGHTA,11_03__kitchen_still__P08VGHTA,1,15
DFD_manipulated_sequences/01_11__hugging_happy__P06JKA75,01_11__hugging_happy__P06JKA75,1,15
DFD_manipulated_sequences/09_20__outside_talking_pan_laughing__HG1S0KHA,09_20__outside_talking_pan_laughing__HG1S0KHA,1,15
DFD_manipulated_sequences/11_26__kitchen_still__7C0VKV43,11_26__kitchen_still__7C0VKV43,1,15
DFD_manipulated_sequences/25_21__talking_against_wall__NFBISHIN,25_21__talking_against_wall__NFBISHIN,1,15
DFD_manipulated_sequences/11_04__talking_angry_couch__JRQWOV1G,11_04__talking_angry_couch__JRQWOV1G,1,15
DFD_manipulated_sequences/11_12__secret_conversation__8NS148U7,11_12__secret_conversation__8NS148U7,1,15
DFD_manipulated_sequences/14_13__walk_down_hall_angry__KMQ3AW6A,14_13__walk_down_hall_angry__KMQ3AW6A,1,15
DFD_manipulated_sequences/21_02__outside_talking_still_laughing__Z0XHPQAR,21_02__outside_talking_still_laughing__Z0XHPQAR,1,15
DFD_manipulated_sequences/17_08__podium_speech_happy__JZYRLJ8T,17_08__podium_speech_happy__JZYRLJ8T,1,15
DFD_manipulated_sequences/09_20__walk_down_hall_angry__RAGUKRMK,09_20__walk_down_hall_angry__RAGUKRMK,1,15
DFD_manipulated_sequences/14_20__walking_down_street_outside_angry__3HWOJRAM,14_20__walking_down_street_outside_angry__3HWOJRAM,1,15
DFD_manipulated_sequences/06_27__walking_outside_cafe_disgusted__VN14WY2N,06_27__walking_outside_cafe_disgusted__VN14WY2N,1,15
DFD_manipulated_sequences/14_07__outside_talking_pan_laughing__P9QFO50U,14_07__outside_talking_pan_laughing__P9QFO50U,1,15
DFD_manipulated_sequences/03_12__walking_outside_cafe_disgusted__D7G6YJON,03_12__walking_outside_cafe_disgusted__D7G6YJON,1,15
DFD_manipulated_sequences/26_25__podium_speech_happy__8LPKLIRG,26_25__podium_speech_happy__8LPKLIRG,1,15
DFD_manipulated_sequences/03_26__outside_talking_pan_laughing__WBSXBL82,03_26__outside_talking_pan_laughing__WBSXBL82,1,15
DFD_manipulated_sequences/20_25__outside_talking_still_laughing__RSCD7KXO,20_25__outside_talking_still_laughing__RSCD7KXO,1,15
DFD_manipulated_sequences/02_09__walking_down_street_outside_angry__HIH8YA82,02_09__walking_down_street_outside_angry__HIH8YA82,1,15
DFD_manipulated_sequences/06_03__podium_speech_happy__1IXGY2FK,06_03__podium_speech_happy__1IXGY2FK,1,15
DFD_manipulated_sequences/21_11__walking_outside_cafe_disgusted__DU9VH27B,21_11__walking_outside_cafe_disgusted__DU9VH27B,1,15
DFD_manipulated_sequences/14_20__walking_down_street_outside_angry__B014BKVO,14_20__walking_down_street_outside_angry__B014BKVO,1,15
DFD_manipulated_sequences/20_13__walk_down_hall_angry__4SAX54BT,20_13__walk_down_hall_angry__4SAX54BT,1,15
DFD_manipulated_sequences/19_24__walking_down_street_outside_angry__GNHYZ84G,19_24__walking_down_street_outside_angry__GNHYZ84G,1,15
DFD_manipulated_sequences/25_20__outside_talking_still_laughing__MUS0X71T,25_20__outside_talking_still_laughing__MUS0X71T,1,15
DFD_manipulated_sequences/16_28__hugging_happy__X5FNCYON,16_28__hugging_happy__X5FNCYON,1,15
DFD_manipulated_sequences/27_20__walking_and_outside_surprised__LM907ECA,27_20__walking_and_outside_surprised__LM907ECA,1,15
DFD_manipulated_sequences/06_27__talking_angry_couch__JOG5PB18,06_27__talking_angry_couch__JOG5PB18,1,15
DFD_manipulated_sequences/28_16__walk_down_hall_angry__X5FNCYON,28_16__walk_down_hall_angry__X5FNCYON,1,15
DFD_manipulated_sequences/26_04__kitchen_still__WX836VLY,26_04__kitchen_still__WX836VLY,1,15
DFD_manipulated_sequences/11_13__podium_speech_happy__XXKQ4XM0,11_13__podium_speech_happy__XXKQ4XM0,1,15
DFD_manipulated_sequences/20_13__kitchen_pan__HQHYKNGK,20_13__kitchen_pan__HQHYKNGK,1,15
DFD_manipulated_sequences/23_10__exit_phone_room__W4BDINQ5,23_10__exit_phone_room__W4BDINQ5,1,15
DFD_manipulated_sequences/14_20__walking_outside_cafe_disgusted__3HWOJRAM,14_20__walking_outside_cafe_disgusted__3HWOJRAM,1,15
DFD_manipulated_sequences/27_25__meeting_serious__GNIMW95Z,27_25__meeting_serious__GNIMW95Z,1,15
DFD_manipulated_sequences/20_25__walk_down_hall_angry__DW2L6D2V,20_25__walk_down_hall_angry__DW2L6D2V,1,15
DFD_manipulated_sequences/19_23__kitchen_pan__H4SUVFTL,19_23__kitchen_pan__H4SUVFTL,1,15
DFD_manipulated_sequences/27_26__talking_against_wall__IE9N0ZI9,27_26__talking_against_wall__IE9N0ZI9,1,15
DFD_manipulated_sequences/02_13__kitchen_pan__2YSYT2N3,02_13__kitchen_pan__2YSYT2N3,1,15
DFD_manipulated_sequences/18_27__talking_against_wall__NYHE8D0J,18_27__talking_against_wall__NYHE8D0J,1,15
DFD_manipulated_sequences/13_12__outside_talking_still_laughing__N8IGC93J,13_12__outside_talking_still_laughing__N8IGC93J,1,15
DFD_manipulated_sequences/03_06__walk_down_hall_angry__1IXGY2FK,03_06__walk_down_hall_angry__1IXGY2FK,1,15
DFD_manipulated_sequences/15_01__outside_talking_still_laughing__02HILKYO,15_01__outside_talking_still_laughing__02HILKYO,1,15
DFD_manipulated_sequences/21_04__talking_angry_couch__HY1VWEJK,21_04__talking_angry_couch__HY1VWEJK,1,15
DFD_manipulated_sequences/02_27__walking_and_outside_surprised__QW05XUUZ,02_27__walking_and_outside_surprised__QW05XUUZ,1,15
DFD_manipulated_sequences/21_11__talking_angry_couch__T7DK03O1,21_11__talking_angry_couch__T7DK03O1,1,15
DFD_manipulated_sequences/02_15__exit_phone_room__MZWH8ATN,02_15__exit_phone_room__MZWH8ATN,1,15
DFD_manipulated_sequences/15_26__walking_down_street_outside_angry__JHMUZFIJ,15_26__walking_down_street_outside_angry__JHMUZFIJ,1,15
DFD_manipulated_sequences/26_06__walking_outside_cafe_disgusted__L5BVR5L9,26_06__walking_outside_cafe_disgusted__L5BVR5L9,1,15
DFD_manipulated_sequences/13_12__walk_down_hall_angry__N8IGC93J,13_12__walk_down_hall_angry__N8IGC93J,1,15
DFD_manipulated_sequences/08_05__kitchen_still__UNN7ZGKO,08_05__kitchen_still__UNN7ZGKO,1,15
DFD_manipulated_sequences/27_01__walking_outside_cafe_disgusted__S2YCUY48,27_01__walking_outside_cafe_disgusted__S2YCUY48,1,15
DFD_manipulated_sequences/14_26__exit_phone_room__SU8SAHTT,14_26__exit_phone_room__SU8SAHTT,1,15
DFD_manipulated_sequences/11_13__talking_against_wall__61T622EK,11_13__talking_against_wall__61T622EK,1,15
DFD_manipulated_sequences/03_06__podium_speech_happy__83ABVHC3,03_06__podium_speech_happy__83ABVHC3,1,15
DFD_manipulated_sequences/26_06__kitchen_pan__L5BVR5L9,26_06__kitchen_pan__L5BVR5L9,1,15
DFD_manipulated_sequences/14_03__talking_against_wall__P1L5PF4I,14_03__talking_against_wall__P1L5PF4I,1,15
DFD_manipulated_sequences/15_06__kitchen_still__E98QYYXO,15_06__kitchen_still__E98QYYXO,1,15
DFD_manipulated_sequences/12_13__walking_down_street_outside_angry__2TM4IFSF,12_13__walking_down_street_outside_angry__2TM4IFSF,1,15
DFD_manipulated_sequences/14_15__walking_down_street_outside_angry__OMLZILK3,14_15__walking_down_street_outside_angry__OMLZILK3,1,15
DFD_manipulated_sequences/07_03__walking_outside_cafe_disgusted__F0YYEA5W,07_03__walking_outside_cafe_disgusted__F0YYEA5W,1,15
DFD_manipulated_sequences/15_04__walking_down_indoor_hall_disgust__46TJ9IOJ,15_04__walking_down_indoor_hall_disgust__46TJ9IOJ,1,15
DFD_manipulated_sequences/14_27__exit_phone_room__0KSONKQ2,14_27__exit_phone_room__0KSONKQ2,1,15
DFD_manipulated_sequences/07_02__exit_phone_room__1KPVZAAP,07_02__exit_phone_room__1KPVZAAP,1,15
DFD_manipulated_sequences/25_18__outside_talking_pan_laughing__41UL3HO6,25_18__outside_talking_pan_laughing__41UL3HO6,1,15
DFD_manipulated_sequences/19_23__talking_against_wall__H4SUVFTL,19_23__talking_against_wall__H4SUVFTL,1,15
DFD_manipulated_sequences/14_27__outside_talking_pan_laughing__0KSONKQ2,14_27__outside_talking_pan_laughing__0KSONKQ2,1,15
DFD_manipulated_sequences/28_08__outside_talking_pan_laughing__GGCUYQA4,28_08__outside_talking_pan_laughing__GGCUYQA4,1,15
DFD_manipulated_sequences/19_24__outside_talking_pan_laughing__OF8LF68K,19_24__outside_talking_pan_laughing__OF8LF68K,1,15
DFD_manipulated_sequences/10_22__talking_angry_couch__X803B18R,10_22__talking_angry_couch__X803B18R,1,15
DFD_manipulated_sequences/24_23__kitchen_still__YR5OVD4S,24_23__kitchen_still__YR5OVD4S,1,15
DFD_manipulated_sequences/24_19__walking_down_street_outside_angry__59PN7WZ2,24_19__walking_down_street_outside_angry__59PN7WZ2,1,15
DFD_manipulated_sequences/09_13__walking_down_street_outside_angry__3GQ49P2J,09_13__walking_down_street_outside_angry__3GQ49P2J,1,15
DFD_manipulated_sequences/03_15__outside_talking_still_laughing__DNUJD8M2,03_15__outside_talking_still_laughing__DNUJD8M2,1,15
DFD_manipulated_sequences/02_14__walking_and_outside_surprised__3IUBEKCT,02_14__walking_and_outside_surprised__3IUBEKCT,1,15
DFD_manipulated_sequences/04_06__outside_talking_still_laughing__ZK95PQDE,04_06__outside_talking_still_laughing__ZK95PQDE,1,15
DFD_manipulated_sequences/28_05__podium_speech_happy__U9LRLJ6N,28_05__podium_speech_happy__U9LRLJ6N,1,15
DFD_manipulated_sequences/26_07__outside_talking_still_laughing__FGNGC2GT,26_07__outside_talking_still_laughing__FGNGC2GT,1,15
DFD_manipulated_sequences/02_15__talking_angry_couch__HTG660F8,02_15__talking_angry_couch__HTG660F8,1,15
DFD_manipulated_sequences/19_23__walk_down_hall_angry__H4SUVFTL,19_23__walk_down_hall_angry__H4SUVFTL,1,15
DFD_manipulated_sequences/17_16__walk_down_hall_angry__EWJJTZHY,17_16__walk_down_hall_angry__EWJJTZHY,1,15
DFD_manipulated_sequences/25_12__walk_down_hall_angry__I2X1XTCC,25_12__walk_down_hall_angry__I2X1XTCC,1,15
DFD_manipulated_sequences/14_21__walking_down_street_outside_angry__N0WM4GSV,14_21__walking_down_street_outside_angry__N0WM4GSV,1,15
DFD_manipulated_sequences/14_06__outside_talking_still_laughing__8U9ULZDT,14_06__outside_talking_still_laughing__8U9ULZDT,1,15
DFD_manipulated_sequences/16_08__kitchen_still__8Q7JCS95,16_08__kitchen_still__8Q7JCS95,1,15
DFD_manipulated_sequences/02_13__outside_talking_pan_laughing__0RKOCC6A,02_13__outside_talking_pan_laughing__0RKOCC6A,1,15
DFD_manipulated_sequences/27_02__kitchen_pan__B3XHKO27,27_02__kitchen_pan__B3XHKO27,1,15
DFD_manipulated_sequences/15_12__kitchen_pan__N0SRODQD,15_12__kitchen_pan__N0SRODQD,1,15
DFD_manipulated_sequences/25_09__outside_talking_pan_laughing__ODAQ7BZL,25_09__outside_talking_pan_laughing__ODAQ7BZL,1,15
DFD_manipulated_sequences/02_06__walking_and_outside_surprised__O9WOC1KJ,02_06__walking_and_outside_surprised__O9WOC1KJ,1,15
DFD_manipulated_sequences/23_24__talking_angry_couch__YR5OVD4S,23_24__talking_angry_couch__YR5OVD4S,1,15
DFD_manipulated_sequences/18_09__walk_down_hall_angry__3VP8836C,18_09__walk_down_hall_angry__3VP8836C,1,15
DFD_manipulated_sequences/15_04__walking_outside_cafe_disgusted__46TJ9IOJ,15_04__walking_outside_cafe_disgusted__46TJ9IOJ,1,15
DFD_manipulated_sequences/03_11__exit_phone_room__P08VGHTA,03_11__exit_phone_room__P08VGHTA,1,15
DFD_manipulated_sequences/18_15__secret_conversation__V5VHLCOW,18_15__secret_conversation__V5VHLCOW,1,15
DFD_manipulated_sequences/13_04__talking_angry_couch__00T3UYOR,13_04__talking_angry_couch__00T3UYOR,1,15
DFD_manipulated_sequences/15_03__walking_and_outside_surprised__OY4I7ZU8,15_03__walking_and_outside_surprised__OY4I7ZU8,1,15
DFD_manipulated_sequences/24_19__exit_phone_room__59PN7WZ2,24_19__exit_phone_room__59PN7WZ2,1,15
DFD_manipulated_sequences/02_13__walking_down_street_outside_angry__2YSYT2N3,02_13__walking_down_street_outside_angry__2YSYT2N3,1,15
DFD_manipulated_sequences/03_13__hugging_happy__GBYWJW06,03_13__hugging_happy__GBYWJW06,1,15
DFD_manipulated_sequences/14_20__talking_angry_couch__B014BKVO,14_20__talking_angry_couch__B014BKVO,1,15
DFD_manipulated_sequences/03_15__secret_conversation__DG8ITQO3,03_15__secret_conversation__DG8ITQO3,1,15
DFD_manipulated_sequences/02_09__exit_phone_room__6KUOFMZW,02_09__exit_phone_room__6KUOFMZW,1,15
DFD_manipulated_sequences/09_02__kitchen_pan__9TDCEK1Q,09_02__kitchen_pan__9TDCEK1Q,1,15
DFD_manipulated_sequences/05_17__talking_against_wall__YTJYYDO9,05_17__talking_against_wall__YTJYYDO9,1,15
DFD_manipulated_sequences/01_11__outside_talking_pan_laughing__WIZ7GKOD,01_11__outside_talking_pan_laughing__WIZ7GKOD,1,15
DFD_manipulated_sequences/12_02__podium_speech_happy__9D2ZHEKW,12_02__podium_speech_happy__9D2ZHEKW,1,15
DFD_manipulated_sequences/07_12__secret_conversation__1MSOAVLL,07_12__secret_conversation__1MSOAVLL,1,15
DFD_manipulated_sequences/13_03__exit_phone_room__GBYWJW06,13_03__exit_phone_room__GBYWJW06,1,15
DFD_manipulated_sequences/01_11__meeting_serious__WIZ7GKOD,01_11__meeting_serious__WIZ7GKOD,1,15
DFD_manipulated_sequences/03_18__walk_down_hall_angry__22UBC0BS,03_18__walk_down_hall_angry__22UBC0BS,1,15
DFD_manipulated_sequences/21_14__talking_angry_couch__IRKML4J0,21_14__talking_angry_couch__IRKML4J0,1,15
DFD_manipulated_sequences/03_11__outside_talking_still_laughing__P08VGHTA,03_11__outside_talking_still_laughing__P08VGHTA,1,15
DFD_manipulated_sequences/05_17__walk_down_hall_angry__YTJYYDO9,05_17__walk_down_hall_angry__YTJYYDO9,1,15
DFD_manipulated_sequences/20_09__outside_talking_pan_laughing__O5X0AWR9,20_09__outside_talking_pan_laughing__O5X0AWR9,1,15
DFD_manipulated_sequences/03_18__outside_talking_pan_laughing__22UBC0BS,03_18__outside_talking_pan_laughing__22UBC0BS,1,15
DFD_manipulated_sequences/21_02__talking_angry_couch__Z0XHPQAR,21_02__talking_angry_couch__Z0XHPQAR,1,15
DFD_manipulated_sequences/26_14__podium_speech_happy__ILLP29ZH,26_14__podium_speech_happy__ILLP29ZH,1,15
DFD_manipulated_sequences/01_03__exit_phone_room__480LQD1C,01_03__exit_phone_room__480LQD1C,1,15
DFD_manipulated_sequences/26_14__secret_conversation__SU8SAHTT,26_14__secret_conversation__SU8SAHTT,1,15
DFD_manipulated_sequences/20_18__hugging_happy__8BMQOD7S,20_18__hugging_happy__8BMQOD7S,1,15
DFD_manipulated_sequences/07_09__hugging_happy__N9CWME71,07_09__hugging_happy__N9CWME71,1,15
DFD_manipulated_sequences/07_02__kitchen_pan__34PVT42V,07_02__kitchen_pan__34PVT42V,1,15
